Player,Team_start,Team_end,Shoots,Pos,GP,G,A,P,+/-,PIM,P/GP,EVG,EVP,PPG,PPP,SHG,SHP,OTG,GWG,S,S%,TOI_min,FOW%
Mikael Backlund,CGY,CGY,L,C,82,15,24,39,-4,24,0.48,12,34,2,3,1,2,0,2,209,7.2,19.23,50.3
Scott Laughton,PHI,PHI,L,C,82,13,26,39,-9,69,0.48,10,26,1,5,2,8,0,2,167,7.8,15.65,48.9
Evan Rodrigues,FLA,FLA,R,C,80,12,27,39,26,34,0.49,9,29,3,10,0,0,0,1,186,6.5,15.17,50.0
Gustav Forsling,FLA,FLA,L,D,79,10,29,39,56,43,0.49,9,37,1,2,0,0,1,1,160,6.3,22.15,0.0
Rasmus Andersson,CGY,CGY,R,D,78,9,30,39,-11,47,0.5,8,30,0,8,1,1,1,3,159,5.7,23.83,0.0
Cam Fowler,ANA,ANA,L,D,81,5,34,39,-36,24,0.48,3,20,2,18,0,1,0,0,109,4.6,24.42,0.0
Torey Krug,STL,STL,L,D,77,4,35,39,-31,32,0.51,4,26,0,13,0,0,0,2,162,2.5,21.97,0.0
Jake Neighbours,STL,STL,L,L,77,27,11,38,-16,21,0.49,19,24,8,14,0,0,0,4,145,18.6,15.7,37.9
Cole Perfetti,WPG,WPG,L,C,71,19,19,38,13,12,0.54,14,27,5,11,0,0,0,3,142,13.4,13.58,37.6
Tomas Hertl,SJS,VGK,L,C,54,17,21,38,-28,22,0.7,10,26,6,11,1,1,2,2,124,13.7,20.48,57.5
James van Riemsdyk,BOS,BOS,L,L,71,11,27,38,7,20,0.54,5,26,6,12,0,0,0,3,142,7.8,13.5,47.6
Sean Couturier,PHI,PHI,L,C,74,11,27,38,-10,29,0.51,8,29,3,7,0,2,2,3,192,5.7,17.82,53.5
Jake Sanderson,OTT,OTT,L,D,79,10,28,38,8,23,0.48,7,24,3,14,0,0,1,3,158,6.3,23.22,100.0
Anders Lee,NYI,NYI,L,L,81,20,17,37,2,68,0.46,15,32,5,5,0,0,0,2,185,10.8,15.57,43.2
Nick Foligno,CHI,CHI,L,L,74,17,20,37,-29,57,0.5,8,20,8,16,1,1,0,0,146,11.6,17.77,52.4
Rickard Rakell,PIT,PIT,R,R,70,15,22,37,4,22,0.53,11,31,4,6,0,0,0,2,165,9.1,16.52,23.1
Matty Beniers,SEA,SEA,L,C,77,15,22,37,-11,20,0.48,9,24,6,13,0,0,0,1,133,11.3,17.97,47.4
Stefan Noesen,CAR,CAR,R,R,81,14,23,37,13,33,0.46,11,26,3,11,0,0,0,3,111,12.6,11.87,42.2
Vladislav Namestnikov,WPG,WPG,L,C,78,11,26,37,17,37,0.47,7,31,3,5,1,1,0,0,95,11.6,14.47,36.3
Jaccob Slavin,CAR,CAR,L,D,81,6,31,37,21,8,0.46,4,34,0,0,2,3,0,1,151,4.0,20.93,0.0
Nils Hoglander,VAN,VAN,L,L,80,24,12,36,23,51,0.45,24,36,0,0,0,0,0,5,120,20.0,12.1,0.0
Gabriel Vilardi,WPG,WPG,R,C,47,22,14,36,11,14,0.77,13,22,9,14,0,0,0,5,117,18.8,17.0,45.8
Alex Killorn,ANA,ANA,L,L,63,18,18,36,-15,54,0.57,13,29,5,7,0,0,1,5,145,12.4,18.73,35.9
Danton Heinen,BOS,BOS,L,L,74,17,19,36,16,28,0.49,15,34,1,1,1,1,0,4,119,14.3,14.47,38.7
Mason Appleton,WPG,WPG,R,C,82,14,22,36,16,26,0.44,11,32,2,2,1,2,0,2,122,11.5,16.05,52.9
Boone Jenner,CBJ,CBJ,L,C,58,22,13,35,-8,28,0.6,16,26,5,8,1,1,0,1,155,14.2,20.1,54.3
Jason Dickinson,CHI,CHI,L,C,82,22,13,35,4,43,0.43,20,33,2,2,0,0,0,4,126,17.5,16.57,50.0
Tom Wilson,WSH,WSH,R,R,74,18,17,35,-19,133,0.47,11,23,5,10,2,2,0,3,169,10.7,18.1,36.7
Dylan Guenther,ARI,ARI,R,R,45,18,17,35,-1,14,0.78,8,20,9,13,1,2,1,4,121,14.9,16.28,20.7
Erik Haula,NJD,NJD,L,L,76,16,19,35,-1,54,0.46,14,30,1,3,1,2,0,2,155,10.3,16.88,54.8
Colton Sissons,NSH,NSH,R,C,81,15,20,35,-6,38,0.43,9,24,3,7,3,4,0,2,131,11.5,16.57,52.6
Matthew Knies,TOR,TOR,L,L,80,15,20,35,9,45,0.44,15,33,0,2,0,0,0,3,115,13.0,13.68,0.0
Anton Lundell,FLA,FLA,L,C,78,13,22,35,19,46,0.45,12,29,1,5,0,1,1,2,166,7.8,15.38,54.9
Adam Lowry,WPG,WPG,L,C,81,12,23,35,17,57,0.43,11,31,0,2,1,2,1,1,119,10.1,16.1,49.0
Mathieu Joseph,OTT,OTT,L,R,72,11,24,35,-4,51,0.49,10,33,0,0,1,2,0,3,124,8.9,16.47,33.3
Nino Niederreiter,WPG,WPG,L,R,77,18,16,34,12,34,0.44,15,30,3,4,0,0,0,3,170,10.6,14.97,45.6
Dmitri Voronkov,CBJ,CBJ,L,L,75,18,16,34,-6,52,0.45,12,26,6,8,0,0,0,2,142,12.7,13.45,42.2
Artturi Lehkonen,COL,COL,L,L,45,16,18,34,11,14,0.76,9,22,7,12,0,0,1,2,103,15.5,18.47,27.3
Alex Newhook,MTL,MTL,L,C,55,15,19,34,-11,18,0.62,13,26,2,8,0,0,0,2,85,17.7,16.93,46.5
Connor Zary,CGY,CGY,L,C,63,14,20,34,12,22,0.54,13,30,1,4,0,0,0,3,90,15.6,15.27,44.0
Dawson Mercer,NJD,NJD,R,C,82,20,13,33,-26,29,0.4,16,28,4,5,0,0,0,2,134,14.9,17.22,44.9
Tyson Foerster,PHI,PHI,R,R,77,20,13,33,0,32,0.43,15,24,4,8,1,1,0,2,167,12.0,17.27,33.3
Connor McMichael,WSH,WSH,L,C,80,18,15,33,-20,34,0.41,15,25,2,6,1,2,0,3,135,13.3,15.98,42.4
Drew O'Connor,PIT,PIT,L,L,79,16,17,33,14,20,0.42,15,31,0,0,1,2,0,2,160,10.0,15.75,46.7
Andrew Copp,DET,DET,L,C,79,13,20,33,-2,26,0.42,11,27,1,3,1,3,0,3,109,11.9,16.27,53.6
Michael Rasmussen,DET,DET,L,C,75,13,20,33,8,47,0.44,12,29,0,0,1,4,0,3,101,12.9,15.18,48.3
Jean-Gabriel Pageau,NYI,NYI,R,C,82,11,22,33,-8,13,0.4,9,25,1,2,1,6,1,2,101,10.9,15.92,55.4
Yanni Gourde,SEA,SEA,L,C,80,11,22,33,-11,62,0.41,9,28,0,2,2,3,0,1,156,7.1,17.45,47.8
Brandon Montour,FLA,FLA,R,D,66,8,25,33,1,46,0.5,7,16,1,17,0,0,0,3,168,4.8,23.45,0.0
Darren Raddysh,TBL,TBL,R,D,82,6,27,33,-3,21,0.4,5,26,1,7,0,0,1,2,101,5.9,19.1,0.0
Owen Power,BUF,BUF,L,D,76,6,27,33,8,28,0.43,6,26,0,6,0,1,0,1,108,5.6,22.92,0.0
Neal Pionk,WPG,WPG,R,D,82,5,28,33,9,63,0.4,4,25,1,8,0,0,0,1,146,3.4,20.83,0.0
Alex Pietrangelo,VGK,VGK,R,D,64,4,29,33,-5,24,0.52,4,23,0,9,0,1,1,2,141,2.8,23.57,0.0
Robby Fabbri,DET,DET,L,C,68,18,14,32,-13,32,0.47,13,20,5,12,0,0,0,3,97,18.6,12.87,58.3
Dakota Joshua,VAN,VAN,L,C,63,18,14,32,19,60,0.51,17,31,1,1,0,0,0,5,84,21.4,14.38,47.2
Jason Zucker,ARI,NSH,L,L,69,14,18,32,-9,81,0.46,9,22,5,10,0,0,0,0,150,9.3,13.82,39.4
Jordan Martinook,CAR,CAR,L,L,82,14,18,32,-1,36,0.39,13,31,0,0,1,1,0,1,148,9.5,14.65,50.5
Cole Sillinger,CBJ,CBJ,L,C,77,13,19,32,-4,46,0.42,12,30,1,1,0,1,0,1,157,8.3,16.12,46.3
Darnell Nurse,EDM,EDM,L,D,81,10,22,32,3,79,0.4,8,26,1,5,1,1,1,2,181,5.5,21.9,0.0
Oliver Ekman-Larsson,FLA,FLA,L,D,80,9,23,32,10,76,0.4,8,21,1,11,0,0,1,3,123,7.3,18.4,0.0
Ivan Provorov,CBJ,CBJ,L,D,82,5,27,32,-11,20,0.39,5,25,0,7,0,0,0,0,107,4.7,22.17,0.0
Ryan McDonagh,NSH,NSH,L,D,74,3,29,32,19,31,0.43,3,28,0,4,0,0,1,1,91,3.3,21.78,0.0
Tyler Johnson,CHI,CHI,R,C,67,17,14,31,-35,26,0.46,9,15,8,16,0,0,0,1,112,15.2,15.53,44.4
Brendan Gallagher,MTL,MTL,R,R,77,16,15,31,-24,74,0.4,15,27,1,4,0,0,0,2,154,10.4,13.78,41.2
Lars Eller,PIT,PIT,L,C,82,15,16,31,-1,32,0.38,10,24,4,5,1,2,0,0,154,9.7,15.97,52.3
Ondrej Palat,NJD,NJD,L,L,71,11,20,31,-9,37,0.44,10,26,1,5,0,0,0,0,108,10.2,15.65,23.5
Ilya Mikheyev,VAN,VAN,L,R,78,11,20,31,1,4,0.4,11,31,0,0,0,0,0,1,147,7.5,14.27,27.6
Jack Roslovic,CBJ,NYR,R,C,59,9,22,31,-10,16,0.53,8,26,0,4,1,1,1,3,117,7.7,15.55,42.9
Seth Jones,CHI,CHI,R,D,67,8,23,31,-15,34,0.46,5,22,3,9,0,0,2,4,172,4.7,25.48,0.0
Erik Gustafsson,NYR,NYR,L,D,76,6,25,31,3,35,0.41,6,22,0,9,0,0,0,1,93,6.5,17.4,0.0
Dylan DeMelo,WPG,WPG,R,D,82,3,28,31,46,36,0.38,3,30,0,1,0,0,0,0,83,3.6,21.73,0.0
Josh Norris,OTT,OTT,L,C,50,16,14,30,-6,22,0.6,11,17,5,12,0,1,0,3,115,13.9,17.63,52.2
Jaden Schwartz,SEA,SEA,L,C,62,13,17,30,-15,24,0.48,6,20,7,10,0,0,0,0,117,11.1,16.37,57.1
Ryan Donato,CHI,CHI,L,C,78,12,18,30,-14,26,0.38,11,27,1,3,0,0,0,0,149,8.1,14.0,44.1
Alexandre Texier,CBJ,CBJ,L,C,78,12,18,30,-5,38,0.38,10,26,0,2,2,2,0,1,109,11.0,15.18,31.6
Ryan McLeod,EDM,EDM,L,C,81,12,18,30,10,10,0.37,12,27,0,1,0,2,0,3,106,11.3,14.25,50.8
Marcus Johansson,MIN,MIN,L,L,78,11,19,30,-15,22,0.38,10,24,1,6,0,0,0,0,112,9.8,15.88,18.8
Zach Benson,BUF,BUF,L,L,71,11,19,30,-3,36,0.42,11,28,0,2,0,0,0,1,98,11.2,14.52,29.4
Jordan Staal,CAR,CAR,L,C,80,10,20,30,-14,44,0.38,9,25,0,1,1,4,0,3,123,8.1,15.38,58.1
Alexander Wennberg,SEA,NYR,L,C,79,10,20,30,0,14,0.38,6,23,3,6,1,1,0,4,90,11.1,17.98,46.5
Cam York,PHI,PHI,L,D,82,10,20,30,-13,44,0.37,10,22,0,6,0,2,0,1,134,7.5,22.62,0.0
Thomas Chabot,OTT,OTT,L,D,51,9,21,30,-3,22,0.59,8,23,1,7,0,0,0,0,118,7.6,23.05,0.0
K'Andre Miller,NYR,NYR,L,D,80,8,22,30,5,49,0.38,8,28,0,1,0,1,1,3,96,8.3,21.57,0.0
Marcus Pettersson,PIT,PIT,L,D,82,4,26,30,28,44,0.37,4,30,0,0,0,0,1,1,106,3.8,22.67,0.0
Justin Faulk,STL,STL,R,D,60,2,28,30,-2,39,0.5,1,22,1,7,0,1,0,1,132,1.5,21.97,0.0
Michael Carcone,ARI,ARI,L,L,74,21,8,29,-2,35,0.39,19,26,1,2,1,1,0,4,111,18.9,11.27,30.8
Yegor Chinakhov,CBJ,CBJ,L,R,53,16,13,29,-3,6,0.55,15,27,1,2,0,0,0,3,110,14.6,15.17,7.1
Pius Suter,VAN,VAN,L,C,67,14,15,29,17,16,0.43,12,24,2,5,0,0,0,3,105,13.3,15.5,49.3
Kevin Hayes,STL,STL,L,R,79,13,16,29,0,12,0.37,13,24,0,5,0,0,0,2,153,8.5,14.47,57.0
Leo Carlsson,ANA,ANA,L,C,55,12,17,29,-11,16,0.53,8,20,4,9,0,0,0,0,109,11.0,18.12,34.8
Bowen Byram,COL,BUF,L,D,73,11,18,29,0,53,0.4,11,28,0,1,0,0,0,0,84,13.1,20.35,0.0
Sean Walker,PHI,COL,R,D,81,10,19,29,11,50,0.36,8,25,0,1,2,3,0,1,150,6.7,19.23,0.0
Aliaksei Protas,WSH,WSH,L,C,78,6,23,29,-3,8,0.37,6,28,0,0,0,1,0,1,113,5.3,13.75,40.4
Tyler Myers,VAN,VAN,R,D,77,5,24,29,16,77,0.38,3,27,0,0,2,2,0,0,93,5.4,18.95,0.0
Alexander Holtz,NJD,NJD,R,R,82,16,12,28,-15,14,0.34,15,26,1,2,0,0,0,3,122,13.1,11.63,29.6
Cam Atkinson,PHI,PHI,R,R,70,13,15,28,-22,27,0.4,11,22,2,6,0,0,0,3,175,7.4,15.95,48.0
Joe Veleno,DET,DET,L,C,80,12,16,28,-16,25,0.35,9,22,3,5,0,1,0,1,86,14.0,13.95,49.0
Ryan Poehling,PHI,PHI,L,C,77,11,17,28,-11,6,0.36,7,22,1,2,3,4,0,1,111,9.9,15.0,49.2
Pierre Engvall,NYI,NYI,L,L,74,10,18,28,4,18,0.38,8,21,2,7,0,0,0,1,128,7.8,15.33,46.3
Jordan Greenway,BUF,BUF,L,L,67,10,18,28,11,64,0.42,9,24,1,3,0,1,0,1,107,9.4,17.25,29.8
Trevor Moore,LAK,LAK,L,L,82,31,26,57,11,28,0.7,27,48,2,7,2,2,0,5,244,12.7,17.98,29.2
Alexis Lafrenière,NYR,NYR,L,L,82,28,29,57,2,40,0.7,26,51,2,6,0,0,1,5,217,12.9,17.27,25.8
Casey Mittelstadt,BUF,COL,L,C,80,18,39,57,10,32,0.71,15,48,3,9,0,0,0,1,127,14.2,17.73,47.1
Matias Maccelli,ARI,ARI,L,L,82,17,40,57,-4,8,0.7,15,44,2,12,0,1,1,2,149,11.4,16.23,37.5
Zach Werenski,CBJ,CBJ,L,D,70,11,46,57,0,22,0.81,9,45,2,12,0,0,0,0,202,5.5,24.45,0.0
Tage Thompson,BUF,BUF,R,C,71,29,27,56,-1,43,0.79,18,38,9,16,2,2,0,3,246,11.8,18.12,43.3
Bryan Rust,PIT,PIT,R,R,62,28,28,56,10,20,0.9,24,46,3,9,1,1,1,3,196,14.3,19.58,25.0
Jonathan Drouin,COL,COL,L,L,79,19,37,56,12,28,0.71,14,37,5,19,0,0,1,2,127,15.0,18.18,51.8
Erik Karlsson,PIT,PIT,R,D,82,11,45,56,4,44,0.68,9,39,2,17,0,0,2,4,213,5.2,24.27,0.0
Shayne Gostisbehere,DET,DET,L,D,81,10,46,56,-16,16,0.69,8,27,2,29,0,0,0,2,139,7.2,19.08,0.0
Tyler Toffoli,NJD,WPG,R,C,79,33,22,55,-6,14,0.7,22,37,11,18,0,0,1,4,229,14.4,16.97,38.0
Vladimir Tarasenko,OTT,FLA,L,R,76,23,32,55,13,12,0.72,20,46,3,9,0,0,0,5,155,14.8,15.73,57.1
Quinton Byfield,LAK,LAK,L,R,80,20,35,55,19,42,0.69,14,41,6,14,0,0,0,4,161,12.4,16.48,45.6
Michael Bunting,CAR,PIT,L,L,81,19,36,55,-19,57,0.68,12,34,7,21,0,0,0,3,168,11.3,15.68,30.4
Kyle Palmieri,NYI,NYI,R,C,82,30,24,54,-16,26,0.66,20,34,10,20,0,0,1,8,218,13.8,17.22,38.2
Blake Coleman,CGY,CGY,L,C,78,30,24,54,19,76,0.69,23,45,3,3,4,6,0,7,191,15.7,17.13,44.9
Troy Terry,ANA,ANA,R,R,76,20,34,54,-10,24,0.71,16,41,4,13,0,0,1,5,172,11.6,18.28,33.3
Philipp Kurashev,CHI,CHI,L,C,75,18,36,54,-44,23,0.72,12,35,6,19,0,0,1,3,128,14.1,19.02,46.4
Miro Heiskanen,DAL,DAL,L,D,71,9,45,54,8,36,0.76,7,33,2,21,0,0,0,2,162,5.6,24.53,0.0
Valeri Nichushkin,COL,COL,L,R,54,28,25,53,5,22,0.98,12,30,16,21,0,2,2,6,158,17.7,21.35,28.6
Owen Tippett,PHI,PHI,R,R,78,28,25,53,-5,12,0.68,23,45,5,8,0,0,1,4,289,9.7,16.58,42.2
Teuvo Teravainen,CAR,CAR,L,L,76,25,28,53,15,10,0.7,15,32,9,17,1,4,0,4,142,17.6,16.4,47.1
Martin Necas,CAR,CAR,R,C,77,24,29,53,-9,42,0.69,16,40,8,13,0,0,2,3,231,10.4,17.35,34.1
Mason Marchment,DAL,DAL,L,L,81,22,31,53,22,54,0.65,16,42,6,11,0,0,0,3,150,14.7,15.07,44.4
Mark Stone,VGK,VGK,R,R,56,16,37,53,1,22,0.95,10,35,4,14,2,4,1,5,117,13.7,19.4,0.0
Timo Meier,NJD,NJD,L,R,69,28,24,52,-28,45,0.75,18,35,10,17,0,0,1,4,207,13.5,17.6,48.9
Tyler Seguin,DAL,DAL,R,C,68,25,27,52,10,26,0.76,22,42,3,8,0,2,0,3,154,16.2,16.55,56.3
MacKenzie Weegar,CGY,CGY,R,D,82,20,32,52,2,51,0.63,17,35,3,15,0,2,1,2,208,9.6,22.93,0.0
Andrei Svechnikov,CAR,CAR,L,R,59,19,33,52,13,58,0.88,14,35,5,17,0,0,0,8,144,13.2,16.98,50.0
Jonathan Huberdeau,CGY,CGY,L,C,81,12,40,52,-29,49,0.64,8,33,4,19,0,0,0,2,143,8.4,17.42,48.4
John Carlson,WSH,WSH,R,D,82,10,42,52,-7,40,0.63,4,31,6,21,0,0,0,5,176,5.7,25.9,0.0
Adam Henrique,ANA,EDM,L,C,82,24,27,51,9,37,0.62,17,36,5,10,2,5,0,4,140,17.1,16.85,53.3
Chandler Stephenson,VGK,VGK,L,C,75,16,35,51,-9,25,0.68,10,35,4,13,2,3,0,4,97,16.5,18.48,52.6
Kris Letang,PIT,PIT,R,D,82,10,41,51,13,62,0.62,10,45,0,5,0,1,0,2,164,6.1,24.68,0.0
JJ Peterka,BUF,BUF,L,R,82,28,22,50,10,28,0.61,25,43,3,7,0,0,0,5,226,12.4,16.4,20.0
Joel Farabee,PHI,PHI,L,L,82,22,28,50,-13,37,0.61,20,43,2,7,0,0,1,2,182,12.1,16.18,37.5
Juraj Slafkovsky,MTL,MTL,L,L,82,20,30,50,-19,55,0.61,14,36,6,14,0,0,0,2,152,13.2,17.93,50.0
Drew Doughty,LAK,LAK,R,D,82,15,35,50,15,44,0.61,8,30,7,20,0,0,1,3,135,11.1,25.8,0.0
Devon Toews,COL,COL,L,D,82,12,38,50,28,18,0.61,12,43,0,5,0,2,0,2,159,7.6,23.43,0.0
J.T. Compher,DET,DET,R,L,77,19,29,48,-5,34,0.62,12,36,5,10,2,2,0,0,108,17.6,19.38,44.8
Filip Hronek,VAN,VAN,R,D,81,5,43,48,33,38,0.59,3,37,2,11,0,0,0,0,148,3.4,23.43,0.0
Patrick Kane,DET,DET,L,R,50,20,27,47,-5,16,0.94,18,32,2,15,0,0,3,7,147,13.6,18.38,0.0
Conor Garland,VAN,VAN,R,R,82,20,27,47,19,35,0.57,19,42,1,5,0,0,0,3,200,10.0,14.53,20.0
Dylan Cozens,BUF,BUF,R,C,79,18,29,47,-4,42,0.59,13,34,2,10,3,3,1,1,200,9.0,17.23,45.6
David Perron,DET,DET,R,L,76,17,30,47,-12,55,0.62,10,30,7,17,0,0,0,4,151,11.3,15.63,47.1
Phillip Danault,LAK,LAK,L,C,78,17,30,47,12,18,0.6,14,36,3,9,0,2,0,2,159,10.7,18.02,51.9
Thomas Harley,DAL,DAL,L,D,79,15,32,47,28,18,0.59,13,37,1,9,1,1,3,3,144,10.4,21.02,0.0
Brady Skjei,CAR,CAR,L,D,80,13,34,47,15,40,0.59,11,31,1,12,1,4,0,2,185,7.0,21.28,0.0
Noah Hanifin,CGY,VGK,L,D,80,13,34,47,19,24,0.59,8,32,5,13,0,2,0,2,164,7.9,23.62,0.0
Charlie McAvoy,BOS,BOS,R,D,74,12,35,47,4,86,0.64,11,34,1,13,0,0,2,3,133,9.0,24.85,0.0
Max Domi,TOR,TOR,L,C,80,9,38,47,10,118,0.59,8,45,1,2,0,0,0,1,137,6.6,13.78,50.0
Luke Hughes,NJD,NJD,L,D,82,9,38,47,-25,28,0.57,5,22,4,25,0,0,1,1,135,6.7,21.47,0.0
Brock Faber,MIN,MIN,R,D,82,8,39,47,-1,26,0.57,5,31,3,16,0,0,0,1,136,5.9,24.97,0.0
Jeff Skinner,BUF,BUF,L,L,74,24,22,46,-2,34,0.62,16,34,8,12,0,0,1,3,211,11.4,16.0,41.9
Nicholas Paul,TBL,TBL,L,L,82,24,22,46,-16,27,0.56,15,32,9,14,0,0,0,2,153,15.7,17.27,54.3
Andrei Kuzmenko,VAN,CGY,R,L,72,22,24,46,-9,12,0.64,14,27,8,19,0,0,1,4,121,18.2,14.88,100.0
Brayden Schenn,STL,STL,L,C,82,20,26,46,-22,56,0.56,15,33,4,12,1,1,2,3,170,11.8,17.78,49.4
Vince Dunn,SEA,SEA,L,D,59,11,35,46,8,78,0.78,7,29,4,16,0,1,0,0,120,9.2,23.08,0.0
Nick Bjugstad,ARI,ARI,R,C,76,22,23,45,11,59,0.59,19,38,2,6,1,1,1,2,165,13.3,17.45,49.2
Ryan Hartman,MIN,MIN,R,R,74,21,24,45,4,72,0.61,16,35,5,10,0,0,0,3,173,12.1,16.52,47.0
Anthony Cirelli,TBL,TBL,L,C,79,20,25,45,2,38,0.57,15,36,3,7,2,2,1,3,129,15.5,18.52,49.2
Ivan Barbashev,VGK,VGK,L,C,82,19,26,45,15,42,0.55,16,40,3,5,0,0,0,3,122,15.6,16.12,42.5
Tommy Novak,NSH,NSH,L,C,71,18,27,45,-3,8,0.63,12,33,6,12,0,0,0,1,113,15.9,14.2,42.2
William Eklund,SJS,SJS,L,L,80,16,29,45,-45,30,0.56,8,28,8,16,0,1,2,5,128,12.5,18.67,31.3
Alex Kerfoot,ARI,ARI,L,C,82,13,32,45,-15,26,0.55,9,30,2,12,2,3,0,3,103,12.6,17.43,47.8
Mattias Ekholm,EDM,EDM,L,D,79,11,34,45,44,47,0.57,8,41,2,3,1,1,0,3,177,6.2,21.05,0.0
Evander Kane,EDM,EDM,L,L,77,24,20,44,-4,85,0.57,21,36,2,7,1,1,1,3,220,10.9,16.78,48.0
Fabian Zetterlund,SJS,SJS,R,L,82,24,20,44,-34,33,0.54,17,27,6,16,1,1,0,0,204,11.8,18.85,32.9
Anthony Mantha,WSH,VGK,L,R,74,23,21,44,11,25,0.59,20,36,3,8,0,0,0,0,113,20.4,14.22,27.3
Logan Cooley,ARI,ARI,L,C,82,20,24,44,-13,18,0.54,16,30,3,13,1,1,1,2,151,13.3,15.82,38.0
Jordan Eberle,SEA,SEA,R,R,78,17,27,44,1,17,0.56,11,32,6,12,0,0,1,3,168,10.1,17.45,42.5
Elias Lindholm,CGY,VAN,R,C,75,15,29,44,-14,25,0.59,8,29,6,12,1,3,0,4,173,8.7,19.7,56.4
Travis Sanheim,PHI,PHI,L,D,81,10,34,44,-20,48,0.54,9,35,0,5,1,4,0,3,146,6.9,23.8,0.0
Tyler Bertuzzi,TOR,TOR,L,L,80,21,22,43,2,53,0.54,16,37,5,6,0,0,0,2,160,13.1,16.05,30.8
Daniel Sprong,DET,DET,R,R,76,18,25,43,-5,22,0.57,15,31,3,12,0,0,0,1,160,11.3,12.0,66.7
Brent Burns,CAR,CAR,R,D,82,10,33,43,19,20,0.52,5,22,4,20,1,1,0,0,185,5.4,21.5,0.0
Brandon Saad,STL,STL,L,L,82,26,16,42,-4,20,0.51,21,37,5,5,0,0,2,7,144,18.1,15.5,42.9
Anthony Duclair,SJS,TBL,L,L,73,24,18,42,-8,34,0.58,19,30,5,12,0,0,0,1,129,18.6,15.77,37.0
Lawson Crouse,ARI,ARI,L,L,81,23,19,42,-7,36,0.52,16,31,7,10,0,1,0,2,171,13.5,16.82,31.1
Kirill Marchenko,CBJ,CBJ,R,R,78,23,19,42,-5,14,0.54,14,29,9,13,0,0,0,1,193,11.9,16.42,32.9
Mason McTavish,ANA,ANA,L,C,64,19,23,42,-23,86,0.66,14,32,4,8,1,2,1,3,130,14.6,16.28,51.7
Moritz Seider,DET,DET,R,D,82,9,33,42,-7,51,0.51,6,24,3,17,0,1,0,0,135,6.7,22.37,0.0
Shea Theodore,VGK,VGK,L,D,47,5,37,42,4,6,0.89,3,27,2,15,0,0,0,1,105,4.8,22.08,0.0
Sam Bennett,FLA,FLA,L,C,69,20,21,41,17,100,0.59,15,29,5,12,0,0,0,2,171,11.7,16.62,45.5
Warren Foegele,EDM,EDM,L,L,82,20,21,41,3,47,0.5,18,38,1,1,1,2,0,2,201,10.0,13.98,45.5
Eeli Tolvanen,SEA,SEA,L,R,81,16,25,41,-15,24,0.51,15,31,1,10,0,0,0,3,153,10.5,15.65,34.3
Jakob Chychrun,OTT,OTT,L,D,82,14,27,41,-30,60,0.5,7,25,7,16,0,0,0,2,204,6.9,22.38,0.0
Nicolas Roy,VGK,VGK,R,C,70,13,28,41,8,29,0.59,11,33,1,7,1,1,0,2,112,11.6,15.45,46.8
Morgan Frost,PHI,PHI,L,C,71,13,28,41,4,22,0.58,10,30,3,11,0,0,0,1,135,9.6,15.83,49.5
Ryan Strome,ANA,ANA,R,C,79,11,30,41,-20,86,0.52,9,26,2,15,0,0,0,0,131,8.4,15.8,46.1
Sean Durzi,ARI,ARI,R,D,76,9,32,41,-1,63,0.54,6,25,3,16,0,0,0,1,142,6.3,22.72,0.0
Marco Rossi,MIN,MIN,L,C,82,21,19,40,-4,47,0.49,19,34,2,6,0,0,1,2,167,12.6,16.73,44.7
Jake DeBrusk,BOS,BOS,L,L,80,19,21,40,4,18,0.5,15,28,2,10,2,2,1,3,183,10.4,16.83,30.4
Trent Frederic,BOS,BOS,L,C,82,18,22,40,9,69,0.49,16,38,2,2,0,0,0,1,123,14.6,13.75,45.4
Ross Colton,COL,COL,L,C,80,17,23,40,-8,61,0.5,14,35,3,5,0,0,0,2,146,11.6,13.72,51.6
Pierre-Luc Dubois,LAK,LAK,L,C,82,16,24,40,-9,70,0.49,9,32,7,8,0,0,0,4,146,11.0,15.7,49.7
Andrew Mangiapane,CGY,CGY,L,L,75,14,26,40,7,47,0.53,11,36,2,3,1,1,0,0,122,11.5,16.0,50.0
Reilly Smith,PIT,PIT,L,R,76,13,27,40,3,18,0.53,12,32,1,8,0,0,0,3,152,8.6,16.13,26.3
Morgan Geekie,BOS,BOS,R,C,76,17,22,39,6,28,0.51,13,27,4,12,0,0,0,1,130,13.1,15.42,44.1
Luke Evangelista,NSH,NSH,R,R,80,16,23,39,0,18,0.49,13,29,3,10,0,0,0,1,172,9.3,13.95,25.0
Alexandre Carrier,NSH,NSH,R,D,73,4,16,20,7,44,0.27,3,18,0,1,1,1,0,2,77,5.2,18.8,0.0
Henri Jokiharju,BUF,BUF,R,D,74,3,17,20,14,24,0.27,3,19,0,0,0,1,1,1,84,3.6,18.98,0.0
Erik Brannstrom,OTT,OTT,L,D,76,3,17,20,5,36,0.26,3,19,0,0,0,1,0,0,77,3.9,16.58,0.0
Dmitry Kulikov,FLA,FLA,L,D,76,1,19,20,15,63,0.26,1,18,0,0,0,2,0,0,74,1.4,16.52,0.0
Kaapo Kakko,NYR,NYR,L,R,61,13,6,19,6,24,0.31,12,18,1,1,0,0,0,2,91,14.3,13.28,56.5
Connor Dewar,MIN,TOR,L,C,74,11,8,19,-8,28,0.26,10,18,0,0,1,1,0,0,77,14.3,11.65,46.8
Michael McLeod,NJD,NJD,R,C,45,10,9,19,6,10,0.42,10,19,0,0,0,0,0,2,73,13.7,15.15,65.0
Jack Quinn,BUF,BUF,R,R,27,9,10,19,-1,8,0.7,8,16,1,3,0,0,0,2,56,16.1,15.63,33.3
Brett Howden,VGK,VGK,L,C,72,8,11,19,-11,39,0.26,6,17,0,0,2,2,0,0,76,10.5,13.23,45.1
David Kampf,TOR,TOR,L,C,78,8,11,19,-4,18,0.24,8,19,0,0,0,0,0,1,79,10.1,13.48,50.9
Cal Clutterbuck,NYI,NYI,R,R,82,7,12,19,4,32,0.23,7,19,0,0,0,0,0,0,59,11.9,11.88,37.1
Jakob Silfverberg,ANA,ANA,R,R,81,7,12,19,4,24,0.23,5,13,1,4,1,2,0,1,102,6.9,13.05,34.0
Radek Faksa,DAL,DAL,L,C,74,7,12,19,0,20,0.26,5,15,0,0,2,4,0,2,71,9.9,12.52,54.4
Andrew Cogliano,COL,COL,L,C,75,6,13,19,11,16,0.25,5,15,0,0,1,4,0,0,61,9.8,10.62,33.1
Jesper Fast,CAR,CAR,R,R,73,6,13,19,0,16,0.26,6,19,0,0,0,0,0,0,79,7.6,12.6,43.8
Jonny Brodzinski,NYR,NYR,R,C,57,6,13,19,-3,8,0.33,5,17,1,2,0,0,0,2,89,6.7,11.13,50.2
Ryan Pulock,NYI,NYI,R,D,58,5,14,19,3,12,0.33,3,13,2,6,0,0,0,1,90,5.6,22.55,0.0
Christian Fischer,DET,DET,R,R,79,5,14,19,0,36,0.24,4,18,0,0,1,1,0,0,86,5.8,11.4,40.4
Jan Rutta,SJS,SJS,R,D,69,5,14,19,-21,38,0.28,5,17,0,0,0,2,0,1,69,7.3,19.72,0.0
Braden Schneider,NYR,NYR,R,D,82,5,14,19,-1,16,0.23,4,18,0,0,1,1,0,1,95,5.3,15.9,0.0
Simon Nemec,NJD,NJD,R,D,60,3,16,19,-7,33,0.32,3,17,0,2,0,0,0,1,73,4.1,19.87,0.0
Chris Tanev,CGY,DAL,R,D,75,2,17,19,22,24,0.25,2,19,0,0,0,0,0,0,56,3.6,19.68,0.0
Mikhail Sergachev,TBL,TBL,L,D,34,2,17,19,-16,16,0.56,2,12,0,7,0,0,0,0,53,3.8,22.55,0.0
Nils Lundkvist,DAL,DAL,R,D,59,2,17,19,13,16,0.32,2,17,0,2,0,0,0,0,73,2.7,14.1,0.0
Luke Kunin,SJS,SJS,R,C,77,11,7,18,-30,83,0.23,9,13,2,5,0,0,0,1,98,11.2,15.73,45.6
Morgan Barron,WPG,WPG,L,C,80,11,7,18,10,23,0.23,11,17,0,1,0,0,0,3,94,11.7,10.5,46.3
Sean Kuraly,CBJ,CBJ,L,C,62,9,9,18,-5,40,0.29,9,17,0,0,0,1,0,0,92,9.8,13.73,48.1
Keegan Kolesar,VGK,VGK,R,R,79,8,10,18,-8,49,0.23,7,16,0,0,1,2,0,2,73,11.0,10.87,40.0
Parker Kelly,OTT,OTT,L,L,80,8,10,18,-8,30,0.23,6,15,0,0,2,3,0,0,86,9.3,11.7,23.9
Radko Gudas,ANA,ANA,R,D,66,6,12,18,14,128,0.27,6,17,0,0,0,1,0,0,88,6.8,19.5,0.0
Noah Cates,PHI,PHI,L,L,59,6,12,18,-8,0,0.31,6,16,0,0,0,2,0,1,78,7.7,13.8,44.6
Adam Larsson,SEA,SEA,R,D,81,4,14,18,6,55,0.22,4,17,0,0,0,1,0,1,130,3.1,22.95,0.0
Olli Maatta,DET,DET,L,D,72,4,14,18,14,14,0.25,4,18,0,0,0,0,0,0,48,8.3,16.05,0.0
Connor Clifton,BUF,BUF,R,D,79,4,14,18,12,88,0.23,4,18,0,0,0,0,0,1,77,5.2,16.55,0.0
Aaron Ekblad,FLA,FLA,R,D,51,4,14,18,27,50,0.35,3,14,1,4,0,0,0,1,98,4.1,20.87,0.0
Samuel Girard,COL,COL,L,D,59,3,15,18,0,10,0.31,3,17,0,1,0,0,0,0,73,4.1,19.38,0.0
Mikey Anderson,LAK,LAK,L,D,74,2,16,18,22,18,0.24,2,17,0,0,0,1,0,0,89,2.3,20.63,0.0
Dylan Samberg,WPG,WPG,L,D,78,1,17,18,16,43,0.23,1,16,0,1,0,1,0,0,77,1.3,15.63,0.0
Yakov Trenin,NSH,COL,L,C,76,12,5,17,15,40,0.22,12,16,0,0,0,1,0,3,116,10.3,14.57,45.0
Garnet Hathaway,PHI,PHI,R,R,82,7,10,17,-7,132,0.21,6,14,0,0,1,3,0,1,103,6.8,12.48,66.7
Pontus Holmberg,TOR,TOR,L,R,54,7,10,17,11,18,0.31,7,17,0,0,0,0,0,1,54,13.0,11.57,46.3
Anthony Beauvillier,VAN,NSH,L,L,60,5,12,17,-8,8,0.28,3,13,2,4,0,0,0,0,105,4.8,13.58,51.3
Joey Anderson,CHI,CHI,R,R,55,5,12,17,5,8,0.31,5,17,0,0,0,0,0,0,57,8.8,13.55,0.0
Alec Martinez,VGK,VGK,L,D,55,4,13,17,-2,6,0.31,4,14,0,3,0,0,0,0,72,5.6,19.05,0.0
Peyton Krebs,BUF,BUF,L,C,80,4,13,17,2,67,0.21,4,17,0,0,0,0,0,2,74,5.4,12.5,46.3
Niko Mikkola,FLA,FLA,L,D,82,3,14,17,11,69,0.21,3,16,0,0,0,1,0,0,93,3.2,20.03,0.0
Ryan Lindgren,NYR,NYR,L,D,76,3,14,17,22,36,0.22,3,17,0,0,0,0,0,1,73,4.1,19.35,0.0
Ryan Suter,DAL,DAL,L,D,82,2,15,17,14,28,0.21,2,16,0,0,0,1,0,1,102,2.0,18.93,0.0
Juuso Valimaki,ARI,ARI,L,D,68,2,15,17,12,12,0.25,2,13,0,4,0,0,0,0,69,2.9,19.1,0.0
Jackson LaCombe,ANA,ANA,L,D,71,2,15,17,-24,24,0.24,2,14,0,2,0,1,0,1,55,3.6,19.38,0.0
Calen Addison,MIN,SJS,R,D,72,1,16,17,-38,72,0.24,1,8,0,9,0,0,0,0,93,1.1,17.27,0.0
Scott Perunovich,STL,STL,L,D,54,0,17,17,1,12,0.31,0,11,0,6,0,0,0,0,36,0.0,15.27,0.0
Sam Carrick,ANA,EDM,R,C,77,10,6,16,-11,102,0.21,7,13,1,1,2,2,0,0,92,10.9,12.22,53.4
Trevor Lewis,LAK,LAK,R,C,82,8,8,16,7,20,0.2,7,13,0,1,1,2,0,2,130,6.2,11.63,42.6
Kailer Yamamoto,SEA,SEA,R,R,59,8,8,16,-9,18,0.27,6,10,2,6,0,0,0,2,61,13.1,11.98,35.5
Emil Bemstrom,CBJ,PIT,R,C,56,8,8,16,-5,12,0.29,4,11,4,5,0,0,0,1,83,9.6,11.13,37.5
Andre Burakovsky,SEA,SEA,L,L,49,7,9,16,-15,14,0.33,2,7,5,9,0,0,0,1,92,7.6,14.57,50.0
Brandon Tanev,SEA,SEA,L,L,66,7,9,16,2,51,0.24,7,14,0,0,0,2,0,0,73,9.6,14.58,30.0
Brian Dumoulin,SEA,SEA,L,D,80,6,10,16,3,20,0.2,6,16,0,0,0,0,0,1,69,8.7,17.02,0.0
Nicolas Aube-Kubel,WSH,WSH,R,R,60,6,10,16,4,23,0.27,6,16,0,0,0,0,0,0,58,10.3,12.2,33.3
Kent Johnson,CBJ,CBJ,L,C,42,6,10,16,-2,10,0.38,6,16,0,0,0,0,1,1,62,9.7,13.55,40.0
Dougie Hamilton,NJD,NJD,R,D,20,5,11,16,-8,20,0.8,1,8,4,8,0,0,0,0,61,8.2,20.98,0.0
Lukas Reichel,CHI,CHI,L,L,65,5,11,16,-29,12,0.25,3,14,2,2,0,0,0,0,84,6.0,14.12,43.4
Pat Maroon,MIN,BOS,L,L,51,4,12,16,-11,60,0.31,4,15,0,1,0,0,0,0,56,7.1,12.85,37.5
Jack Johnson,COL,COL,L,D,80,3,13,16,15,38,0.2,3,16,0,0,0,0,0,0,76,4.0,14.93,0.0
Brett Kulak,EDM,EDM,L,D,82,3,13,16,0,30,0.2,3,15,0,1,0,0,0,1,94,3.2,15.38,0.0
Martin Fehervary,WSH,WSH,L,D,66,3,13,16,-7,24,0.24,3,15,0,0,0,1,0,0,61,4.9,19.63,0.0
Alex Vlasic,CHI,CHI,L,D,76,2,14,16,-4,45,0.21,2,14,0,2,0,0,0,1,71,2.8,21.48,0.0
Adam Pelech,NYI,NYI,L,D,58,1,15,16,-2,27,0.28,1,15,0,0,0,1,1,1,71,1.4,20.28,0.0
Jeff Carter,PIT,PIT,R,C,72,11,4,15,-7,12,0.21,5,9,4,4,2,2,0,4,90,12.2,12.57,62.5
Dominik Kubalik,OTT,OTT,L,L,74,11,4,15,-30,19,0.2,7,11,4,4,0,0,0,2,91,12.1,12.12,40.5
Kevin Stenlund,FLA,FLA,R,C,81,11,4,15,-10,62,0.19,9,13,0,0,2,2,0,3,81,13.6,12.6,51.4
Alex Nylander,PIT,CBJ,R,L,28,11,4,15,-1,6,0.54,9,13,2,2,0,0,0,2,72,15.3,16.25,47.4
Nick Cousins,FLA,FLA,L,C,69,7,8,15,1,64,0.22,7,15,0,0,0,0,0,3,111,6.3,12.18,53.1
Mark Jankowski,NSH,NSH,L,C,32,7,8,15,11,8,0.47,6,13,0,1,1,1,0,1,48,14.6,12.67,50.3
Victor Olofsson,BUF,BUF,L,L,51,7,8,15,-1,4,0.29,6,12,1,3,0,0,0,1,66,10.6,11.57,0.0
Blake Lizotte,LAK,LAK,L,C,62,7,8,15,11,20,0.24,5,12,0,0,2,3,0,2,76,9.2,11.82,46.9
Arthur Kaliyev,LAK,LAK,L,R,51,7,8,15,-3,14,0.29,4,11,3,4,0,0,0,0,101,6.9,11.8,0.0
Viktor Arvidsson,LAK,LAK,R,R,18,6,9,15,4,14,0.83,5,10,1,5,0,0,0,1,59,10.2,16.7,33.3
Trevor Zegras,ANA,ANA,L,C,31,6,9,15,-1,30,0.48,5,14,1,1,0,0,0,1,73,8.2,17.08,38.4
Brendan Smith,NJD,NJD,L,D,63,5,10,15,-3,61,0.24,5,15,0,0,0,0,0,0,60,8.3,16.1,0.0
Frederick Gaudreau,MIN,MIN,R,C,67,5,10,15,-23,12,0.22,3,8,2,7,0,0,0,1,105,4.8,13.95,49.9
Max Jones,ANA,ANA,L,L,52,5,10,15,-6,33,0.29,5,14,0,1,0,0,0,0,76,6.6,12.05,31.3
Kevin Korchinski,CHI,CHI,L,D,76,5,10,15,-39,20,0.2,5,8,0,7,0,0,1,2,93,5.4,19.62,0.0
Matthew Poitras,BOS,BOS,R,C,33,5,10,15,4,6,0.45,5,14,0,1,0,0,0,1,40,12.5,13.4,43.7
Conor Sheary,TBL,TBL,L,L,57,4,11,15,-3,12,0.26,4,15,0,0,0,0,0,0,50,8.0,11.1,36.4
Jamie Oleksiak,SEA,SEA,L,D,82,2,13,15,-2,37,0.18,2,13,0,0,0,2,0,0,108,1.9,19.65,0.0
Tyson Barrie,NSH,NSH,R,D,41,1,14,15,-10,16,0.37,1,9,0,6,0,0,0,0,65,1.5,18.32,0.0
Zemgus Girgensons,BUF,BUF,L,L,63,8,6,14,-1,21,0.22,8,14,0,0,0,0,0,3,73,11.0,11.85,47.7
Klim Kostin,DET,SJS,L,C,52,8,6,14,-12,53,0.27,8,13,0,1,0,0,0,0,43,18.6,10.92,40.0
Tanner Jeannot,TBL,TBL,L,L,55,7,7,14,-10,75,0.25,6,12,1,2,0,0,0,0,59,11.9,12.02,35.9
Jeremy Lauzon,NSH,NSH,L,D,79,6,8,14,-3,98,0.18,6,14,0,0,0,0,0,0,103,5.8,18.62,0.0
Jesper Boqvist,BOS,BOS,L,C,47,6,8,14,12,8,0.3,6,14,0,0,0,0,1,1,51,11.8,11.15,35.7
Logan Stankoven,DAL,DAL,R,C,24,6,8,14,10,4,0.58,5,12,1,2,0,0,0,0,51,11.8,14.67,64.7
Liam O'Brien,ARI,ARI,L,C,75,5,9,14,0,153,0.19,5,14,0,0,0,0,0,0,72,6.9,9.73,21.4
Justin Bailey,SJS,SJS,R,R,59,5,9,14,-15,6,0.24,5,13,0,1,0,0,0,0,70,7.1,11.28,35.3
Taylor Raddysh,CHI,CHI,R,R,73,5,9,14,-19,22,0.19,3,10,1,3,1,1,0,0,120,4.2,15.88,33.3
Hudson Fasching,NYI,NYI,R,R,45,4,10,14,-7,6,0.31,4,14,0,0,0,0,0,1,41,9.8,12.05,50.0
Brandon Carlo,BOS,BOS,R,D,76,4,10,14,23,42,0.18,4,14,0,0,0,0,0,1,79,5.1,19.9,0.0
Jacob Bernard-Docker,OTT,OTT,R,D,72,4,10,14,-7,25,0.19,4,13,0,0,0,1,0,0,51,7.8,15.7,0.0
Patrick Brown,BOS,BOS,R,C,11,0,1,1,-3,2,0.09,0,1,0,0,0,0,0,0,7,0.0,8.83,45.5
Mark Friedman,VAN,VAN,R,D,23,0,1,1,4,21,0.04,0,1,0,0,0,0,0,0,16,0.0,12.23,0.0
Austin Czarnik,DET,DET,R,C,34,0,1,1,-3,12,0.03,0,1,0,0,0,0,0,0,24,0.0,8.43,49.0
Max Lajoie,TOR,TOR,L,D,7,0,1,1,1,0,0.14,0,0,0,1,0,0,0,0,1,0.0,12.72,0.0
Lucas Johansen,WSH,WSH,L,D,6,0,1,1,1,4,0.17,0,1,0,0,0,0,0,0,4,0.0,14.27,0.0
Kale Clague,BUF,BUF,L,D,3,0,1,1,0,2,0.33,0,1,0,0,0,0,0,0,2,0.0,12.27,0.0
William Lockwood,FLA,FLA,R,R,26,0,1,1,2,16,0.04,0,1,0,0,0,0,0,0,19,0.0,8.2,50.0
Hardy Haman Aktell,WSH,WSH,L,D,6,0,1,1,-2,2,0.17,0,1,0,0,0,0,0,0,5,0.0,10.63,0.0
Cal Foote,NJD,NJD,R,D,4,0,1,1,3,16,0.25,0,1,0,0,0,0,0,0,0,0.0,14.77,0.0
Maxime Comtois,CAR,CAR,L,L,1,0,1,1,0,0,1.0,0,1,0,0,0,0,0,0,1,0.0,13.07,0.0
Calle Rosen,STL,STL,L,D,6,0,1,1,-1,2,0.17,0,1,0,0,0,0,0,0,5,0.0,12.67,0.0
Rasmus Kupari,WPG,WPG,R,C,28,0,1,1,-5,4,0.04,0,1,0,0,0,0,0,0,28,0.0,9.13,46.7
Jan Jenik,ARI,ARI,L,R,5,0,1,1,-1,5,0.2,0,1,0,0,0,0,0,0,2,0.0,8.38,46.7
Ruslan Iskhakov,NYI,NYI,L,C,1,0,1,1,0,0,1.0,0,0,0,1,0,0,0,0,2,0.0,14.18,0.0
Jack St. Ivany,PIT,PIT,R,D,14,0,1,1,0,2,0.07,0,1,0,0,0,0,0,0,11,0.0,13.7,0.0
Aku Raty,ARI,ARI,R,R,1,0,1,1,0,0,1.0,0,1,0,0,0,0,0,0,0,0.0,11.75,0.0
Nikolai Knyzhov,SJS,SJS,L,D,10,0,1,1,-6,6,0.1,0,1,0,0,0,0,0,0,6,0.0,17.65,0.0
Daemon Hunt,MIN,MIN,L,D,12,0,1,1,-1,0,0.08,0,1,0,0,0,0,0,0,7,0.0,11.5,0.0
Tyler Kleven,OTT,OTT,L,D,9,0,1,1,-1,2,0.11,0,1,0,0,0,0,0,0,7,0.0,12.65,0.0
Lukas Cormier,VGK,VGK,L,D,2,0,1,1,1,0,0.5,0,0,0,1,0,0,0,0,3,0.0,17.28,0.0
Roby Jarventie,OTT,OTT,L,L,7,0,1,1,-5,4,0.14,0,1,0,0,0,0,0,0,5,0.0,7.52,31.4
Shakir Mukhamadullin,SJS,SJS,L,D,3,0,1,1,0,4,0.33,0,0,0,1,0,0,0,0,5,0.0,21.15,0.0
Logan Mailloux,MTL,MTL,R,D,1,0,1,1,1,0,1.0,0,1,0,0,0,0,0,0,2,0.0,21.23,0.0
Cutter Gauthier,ANA,ANA,L,L,1,0,1,1,1,0,1.0,0,1,0,0,0,0,0,0,3,0.0,15.4,0.0
Brad Lambert,WPG,WPG,R,C,1,0,1,1,1,0,1.0,0,1,0,0,0,0,0,0,2,0.0,13.85,42.9
Milos Kelemen,ARI,ARI,L,L,10,0,1,1,-2,0,0.1,0,1,0,0,0,0,0,0,5,0.0,7.68,25.0
Riley Nash,NYR,NYR,R,C,1,0,0,0,0,0,0.0,0,0,0,0,0,0,0,0,1,0.0,11.08,50.0
Robert Bortuzzo,STL,NYI,R,D,27,0,0,0,0,27,0.0,0,0,0,0,0,0,0,0,11,0.0,13.73,0.0
Alexander Petrovic,DAL,DAL,R,D,1,0,0,0,-1,0,0.0,0,0,0,0,0,0,0,0,2,0.0,12.87,0.0
Max McCormick,SEA,SEA,L,L,1,0,0,0,0,0,0.0,0,0,0,0,0,0,0,0,0,0.0,5.63,0.0
Derrick Pouliot,DAL,DAL,L,D,5,0,0,0,-1,0,0.0,0,0,0,0,0,0,0,0,5,0.0,12.13,0.0
Jujhar Khaira,MIN,MIN,L,L,1,0,0,0,0,0,0.0,0,0,0,0,0,0,0,0,1,0.0,8.08,0.0
Jayson Megna,BOS,BOS,R,C,1,0,0,0,0,0,0.0,0,0,0,0,0,0,0,0,0,0.0,11.75,0.0
Scott Sabourin,SJS,SJS,R,R,3,0,0,0,0,9,0.0,0,0,0,0,0,0,0,0,3,0.0,9.28,0.0
Anton Blidh,NYR,NYR,L,L,1,0,0,0,-1,2,0.0,0,0,0,0,0,0,0,0,1,0.0,5.35,0.0
John Hayden,SEA,SEA,R,C,2,0,0,0,-1,0,0.0,0,0,0,0,0,0,0,0,1,0.0,6.73,50.0
Robert Hagg,ANA,ANA,L,D,5,0,0,0,-4,4,0.0,0,0,0,0,0,0,0,0,6,0.0,12.78,0.0
Gustav Olofsson,SEA,SEA,L,D,1,0,0,0,0,0,0.0,0,0,0,0,0,0,0,0,0,0.0,14.95,0.0
Justin Kirkland,ARI,ARI,L,C,2,0,0,0,0,0,0.0,0,0,0,0,0,0,0,0,1,0.0,7.23,66.7
Oskar Lindblom,SJS,SJS,L,L,1,0,0,0,-1,0,0.0,0,0,0,0,0,0,0,0,0,0.0,11.93,0.0
Bokondji Imama,OTT,OTT,L,L,6,0,0,0,1,7,0.0,0,0,0,0,0,0,0,0,1,0.0,5.58,0.0
Colin White,PIT,MTL,R,C,28,0,0,0,-5,4,0.0,0,0,0,0,0,0,0,0,16,0.0,9.52,38.4
Glenn Gawdin,ANA,ANA,R,C,1,0,0,0,-1,2,0.0,0,0,0,0,0,0,0,0,0,0.0,7.58,40.0
Adam Gaudette,STL,STL,R,C,2,0,0,0,0,4,0.0,0,0,0,0,0,0,0,0,0,0.0,9.8,0.0
Brett Seney,CHI,CHI,L,L,4,0,0,0,0,6,0.0,0,0,0,0,0,0,0,0,1,0.0,10.35,33.3
Samuel Laberge,NJD,NJD,L,L,2,0,0,0,0,0,0.0,0,0,0,0,0,0,0,0,0,0.0,3.1,0.0
Philippe Myers,TBL,TBL,R,D,5,0,0,0,-2,2,0.0,0,0,0,0,0,0,0,0,6,0.0,11.7,0.0
Andrew Poturalski,SEA,SEA,R,C,2,0,0,0,-1,0,0.0,0,0,0,0,0,0,0,0,0,0.0,6.88,100.0
Victor Mete,PHI,PHI,L,D,1,0,0,0,0,0,0.0,0,0,0,0,0,0,0,0,0,0.0,10.87,0.0
Brett Murray,BUF,BUF,L,L,2,0,0,0,-1,2,0.0,0,0,0,0,0,0,0,0,1,0.0,7.97,100.0
Rem Pitlick,CHI,CHI,L,C,9,0,0,0,-7,2,0.0,0,0,0,0,0,0,0,0,13,0.0,15.58,50.0
Joona Koppanen,PIT,PIT,L,L,4,0,0,0,0,0,0.0,0,0,0,0,0,0,0,0,4,0.0,7.82,20.0
Rhett Gardner,PHI,PHI,L,C,1,0,0,0,0,0,0.0,0,0,0,0,0,0,0,0,0,0.0,7.47,100.0
Dylan Coghlan,CAR,CAR,R,D,1,0,0,0,-2,0,0.0,0,0,0,0,0,0,0,0,3,0.0,17.98,0.0
Zach Aston-Reese,DET,DET,L,C,3,0,0,0,0,2,0.0,0,0,0,0,0,0,0,0,1,0.0,5.15,0.0
Cale Fleury,SEA,SEA,R,D,1,0,0,0,1,0,0.0,0,0,0,0,0,0,0,0,1,0.0,13.5,0.0
Kole Lind,SEA,SEA,R,R,1,0,0,0,0,0,0.0,0,0,0,0,0,0,0,0,0,0.0,5.98,0.0
Jake Leschyshyn,NYR,NYR,L,C,1,0,0,0,-1,0,0.0,0,0,0,0,0,0,0,0,0,0.0,6.47,0.0
Shane Bowers,NJD,NJD,L,C,8,0,0,0,1,0,0.0,0,0,0,0,0,0,0,0,7,0.0,9.45,31.8
Cameron Crotty,ARI,ARI,R,D,1,0,0,0,-1,0,0.0,0,0,0,0,0,0,0,0,0,0.0,10.05,0.0
Jacob Peterson,SJS,SJS,L,C,6,0,0,0,-3,2,0.0,0,0,0,0,0,0,0,0,3,0.0,13.25,31.3
Marián Studenic,SEA,SEA,L,R,2,0,0,0,-1,2,0.0,0,0,0,0,0,0,0,0,1,0.0,8.12,0.0
Sammy Walker,MIN,MIN,R,C,4,0,0,0,-3,0,0.0,0,0,0,0,0,0,0,0,3,0.0,9.37,0.0
Philip Kemp,EDM,EDM,R,D,1,0,0,0,0,0,0.0,0,0,0,0,0,0,0,0,0,0.0,2.05,0.0
Grant Hutton,NYI,NYI,R,D,2,0,0,0,1,0,0.0,0,0,0,0,0,0,0,0,0,0.0,8.77,0.0
Grigori Denisenko,VGK,VGK,R,L,6,0,0,0,-3,2,0.0,0,0,0,0,0,0,0,0,5,0.0,10.85,0.0
Linus Karlsson,VAN,VAN,R,C,4,0,0,0,0,0,0.0,0,0,0,0,0,0,0,0,4,0.0,10.15,22.2
Hugh McGing,STL,STL,L,L,5,0,0,0,-5,0,0.0,0,0,0,0,0,0,0,0,4,0.0,8.38,14.3
Joe Snively,WSH,WSH,L,C,3,0,0,0,-1,0,0.0,0,0,0,0,0,0,0,0,0,0.0,8.35,0.0
Raphael Lavoie,EDM,EDM,R,C,7,0,0,0,-2,2,0.0,0,0,0,0,0,0,0,0,4,0.0,7.28,0.0
Graeme Clarke,NJD,NJD,R,R,3,0,0,0,-2,2,0.0,0,0,0,0,0,0,0,0,2,0.0,11.38,0.0
Egor Afanasyev,NSH,NSH,L,L,2,0,0,0,-1,0,0.0,0,0,0,0,0,0,0,0,5,0.0,13.0,0.0
Sam Poulin,PIT,PIT,L,R,3,0,0,0,-1,2,0.0,0,0,0,0,0,0,0,0,2,0.0,7.78,41.7
Victor Soderstrom,ARI,ARI,R,D,3,0,0,0,-1,0,0.0,0,0,0,0,0,0,0,0,1,0.0,15.18,0.0
Tobias Bjornfot,LAK,FLA,L,D,4,0,0,0,-2,2,0.0,0,0,0,0,0,0,0,0,1,0.0,13.82,0.0
Cole Schwindt,CGY,CGY,R,R,4,0,0,0,-1,2,0.0,0,0,0,0,0,0,0,0,1,0.0,6.8,75.0
Maxence Guenette,OTT,OTT,R,D,7,0,0,0,-1,2,0.0,0,0,0,0,0,0,0,0,6,0.0,13.78,0.0
Tyler Angle,CBJ,CBJ,L,C,2,0,0,0,-1,0,0.0,0,0,0,0,0,0,0,0,0,0.0,8.33,33.3
Connor Mackey,NYR,NYR,L,D,1,0,0,0,1,5,0.0,0,0,0,0,0,0,0,0,1,0.0,16.45,0.0
Justin Sourdif,FLA,FLA,R,R,3,0,0,0,0,0,0.0,0,0,0,0,0,0,0,0,2,0.0,8.83,0.0
Emil Andrae,PHI,PHI,L,D,4,0,0,0,-1,0,0.0,0,0,0,0,0,0,0,0,0,0.0,13.0,0.0
Jack Thompson,TBL,SJS,R,D,3,0,0,0,-2,0,0.0,0,0,0,0,0,0,0,0,4,0.0,15.67,0.0
Mavrik Bourque,DAL,DAL,R,C,1,0,0,0,0,0,0.0,0,0,0,0,0,0,0,0,2,0.0,10.93,33.3
Yan Kuznetsov,CGY,CGY,L,D,1,0,0,0,-1,0,0.0,0,0,0,0,0,0,0,0,2,0.0,11.97,0.0
Adam Raska,MIN,MIN,R,R,5,0,0,0,0,0,0.0,0,0,0,0,0,0,0,0,0,0.0,6.82,0.0
Gage Goncalves,TBL,TBL,L,C,2,0,0,0,0,6,0.0,0,0,0,0,0,0,0,0,0,0.0,9.97,0.0
Callahan Burke,CAR,CAR,R,C,1,0,0,0,0,0,0.0,0,0,0,0,0,0,0,0,0,0.0,7.1,0.0
Emil Heineman,MTL,MTL,L,L,4,0,0,0,2,0,0.0,0,0,0,0,0,0,0,0,0,0.0,9.95,0.0
Alex Steeves,TOR,TOR,L,C,1,0,0,0,-1,0,0.0,0,0,0,0,0,0,0,0,1,0.0,10.23,0.0
Scott Morrow,CAR,CAR,R,D,2,0,0,0,-3,0,0.0,0,0,0,0,0,0,0,0,6,0.0,18.38,0.0
Oskar Olausson,COL,COL,L,R,1,0,0,0,0,0,0.0,0,0,0,0,0,0,0,0,2,0.0,11.83,0.0
Mackie Samoskevich,FLA,FLA,R,R,7,0,0,0,-3,0,0.0,0,0,0,0,0,0,0,0,11,0.0,12.03,0.0
Brennan Othmann,NYR,NYR,L,L,3,0,0,0,0,0,0.0,0,0,0,0,0,0,0,0,6,0.0,9.08,0.0
Ryan Winterton,SEA,SEA,R,C,9,0,0,0,-1,0,0.0,0,0,0,0,0,0,0,0,10,0.0,9.33,0.0
Isak Rosen,BUF,BUF,L,R,7,0,0,0,-3,0,0.0,0,0,0,0,0,0,0,0,8,0.0,8.58,16.7
Zach Dean,STL,STL,L,C,9,0,0,0,-4,6,0.0,0,0,0,0,0,0,0,0,10,0.0,10.55,50.0
Ethan Del Mastro,CHI,CHI,L,D,2,0,0,0,0,0,0.0,0,0,0,0,0,0,0,0,0,0.0,18.58,0.0
Jackson Blake,CAR,CAR,R,R,1,0,0,0,-2,0,0.0,0,0,0,0,0,0,0,0,2,0.0,15.3,0.0
Zack Ostapchuk,OTT,OTT,L,C,7,0,0,0,-1,0,0.0,0,0,0,0,0,0,0,0,5,0.0,10.5,26.8
Vincent Iorio,WSH,WSH,R,D,6,0,0,0,1,0,0.0,0,0,0,0,0,0,0,0,6,0.0,9.83,0.0
Chad Ruhwedel,PIT,NYR,R,D,52,1,3,4,-6,4,0.08,1,4,0,0,0,0,0,0,35,2.9,12.7,0.0
Rasmus Ristolainen,PHI,PHI,R,D,31,1,3,4,-6,8,0.13,1,4,0,0,0,0,0,0,46,2.2,16.68,0.0
Ross Johnston,ANA,ANA,L,L,68,1,3,4,-12,117,0.06,1,4,0,0,0,0,0,0,44,2.3,8.2,50.0
Ethan Bear,WSH,WSH,R,D,24,1,3,4,-5,10,0.17,1,4,0,0,0,0,0,1,24,4.2,14.9,0.0
Givani Smith,SJS,SJS,L,R,36,1,3,4,-13,40,0.11,1,4,0,0,0,0,0,0,31,3.2,7.82,40.0
Jaret Anderson-Dolan,LAK,NSH,L,C,31,1,3,4,-5,6,0.13,0,3,0,0,1,1,0,0,31,3.2,11.05,41.7
Alex Turcotte,LAK,LAK,L,C,20,1,3,4,5,6,0.2,1,4,0,0,0,0,0,0,14,7.1,9.28,50.0
Vladislav Kolyachonok,ARI,ARI,L,D,5,1,3,4,5,2,0.8,1,4,0,0,0,0,0,0,5,20.0,12.47,0.0
Landon Slaggert,CHI,CHI,L,L,16,1,3,4,1,4,0.25,1,4,0,0,0,0,0,0,14,7.1,11.27,0.0
Marat Khusnutdinov,MIN,MIN,L,C,16,1,3,4,-3,6,0.25,0,3,1,1,0,0,0,0,6,16.7,13.12,47.6
Derek Forbort,BOS,BOS,L,D,35,0,4,4,8,17,0.11,0,4,0,0,0,0,0,0,22,0.0,17.8,0.0
William Lagesson,TOR,ANA,L,D,40,0,4,4,3,32,0.1,0,4,0,0,0,0,0,0,19,0.0,14.8,0.0
Jansen Harkins,PIT,PIT,L,C,45,0,4,4,-4,21,0.09,0,4,0,0,0,0,0,0,37,0.0,8.2,100.0
Kurtis MacDermid,COL,NJD,L,L,45,2,1,3,4,73,0.07,2,3,0,0,0,0,0,1,16,12.5,4.83,100.0
Rourke Chartier,OTT,OTT,L,C,37,2,1,3,-4,14,0.08,2,3,0,0,0,0,0,1,40,5.0,10.77,52.0
Mitchell Stephens,MTL,MTL,R,C,23,2,1,3,2,4,0.13,2,3,0,0,0,0,0,0,16,12.5,9.05,55.6
Zack MacEwen,OTT,OTT,R,R,30,2,1,3,-4,57,0.1,2,3,0,0,0,0,0,1,17,11.8,6.4,61.8
Trey Fix-Wolansky,CBJ,CBJ,R,R,11,2,1,3,0,2,0.27,2,3,0,0,0,0,0,0,17,11.8,10.98,0.0
James Hamblin,EDM,EDM,L,L,31,2,1,3,3,0,0.1,2,3,0,0,0,0,0,0,18,11.1,7.92,50.6
Sheldon Rempal,VGK,VGK,R,R,9,2,1,3,-2,4,0.33,1,2,1,1,0,0,0,0,16,12.5,9.97,0.0
Angus Crookshank,OTT,OTT,L,L,13,2,1,3,-3,4,0.23,2,3,0,0,0,0,0,1,20,10.0,10.12,0.0
Brock McGinn,ANA,ANA,L,L,24,1,2,3,-5,4,0.13,1,3,0,0,0,0,0,0,24,4.2,11.08,41.7
Vinnie Hinostroza,PIT,PIT,R,C,14,1,2,3,-3,4,0.21,1,3,0,0,0,0,0,0,27,3.7,9.75,40.0
Anthony Richard,BOS,BOS,L,C,9,1,2,3,0,2,0.33,1,3,0,0,0,0,0,0,6,16.7,10.6,0.0
Steven Lorentz,FLA,FLA,L,C,38,1,2,3,-9,10,0.08,1,3,0,0,0,0,0,1,30,3.3,8.78,48.9
Mason Shaw,MIN,MIN,L,C,20,1,2,3,0,34,0.15,1,3,0,0,0,0,0,0,21,4.8,8.18,87.5
Jonas Rondbjerg,VGK,VGK,L,R,20,1,2,3,2,0,0.15,1,3,0,0,0,0,0,0,25,4.0,11.28,0.0
Alexander Alexeyev,WSH,WSH,L,D,39,1,2,3,-8,6,0.08,1,3,0,0,0,0,0,0,20,5.0,13.7,0.0
Jakob Pelletier,CGY,CGY,L,L,13,1,2,3,1,2,0.23,1,3,0,0,0,0,0,1,9,11.1,9.27,50.0
Tristan Luneau,ANA,ANA,R,D,7,1,2,3,1,4,0.43,1,3,0,0,0,0,0,0,11,9.1,17.87,0.0
Ben Meyers,COL,ANA,L,C,23,1,2,3,-4,6,0.13,1,3,0,0,0,0,0,0,12,8.3,10.12,44.8
Uvis Balinskis,FLA,FLA,L,D,26,1,2,3,0,8,0.12,1,3,0,0,0,0,0,0,22,4.6,14.1,0.0
Liam Foudy,CBJ,NSH,L,C,13,0,3,3,-2,2,0.23,0,3,0,0,0,0,0,0,7,0.0,9.98,0.0
Marc Del Gaizo,NSH,NSH,L,D,9,0,3,3,2,2,0.33,0,3,0,0,0,0,0,0,8,0.0,16.47,0.0
Louis Crevier,CHI,CHI,R,D,24,0,3,3,-16,4,0.13,0,3,0,0,0,0,0,0,18,0.0,15.68,0.0
Ilya Solovyov,CGY,CGY,L,D,10,0,3,3,-3,4,0.3,0,2,0,0,0,1,0,0,10,0.0,15.9,0.0
Adam Edstrom,NYR,NYR,L,C,11,2,0,2,2,2,0.18,2,2,0,0,0,0,0,0,7,28.6,8.42,0.0
Brandon Biro,BUF,BUF,L,L,5,2,0,2,0,0,0.4,2,2,0,0,0,0,0,0,2,100.0,10.85,47.8
Chris Wagner,COL,COL,R,R,13,1,1,2,3,9,0.15,1,2,0,0,0,0,0,0,16,6.3,7.45,58.1
Adam Erne,EDM,EDM,L,L,24,1,1,2,0,9,0.08,1,2,0,0,0,0,0,0,13,7.7,7.82,44.4
Denis Gurianov,NSH,PHI,L,R,18,1,1,2,4,0,0.11,1,2,0,0,0,0,0,0,26,3.9,12.22,0.0
Riley Tufte,COL,COL,L,L,5,1,1,2,-2,2,0.4,1,2,0,0,0,0,0,1,7,14.3,11.12,50.0
Logan Stanley,WPG,WPG,L,D,25,1,1,2,4,36,0.08,1,2,0,0,0,0,0,0,29,3.5,13.77,0.0
Carson Meyer,CBJ,CBJ,R,R,14,1,1,2,-2,2,0.14,1,2,0,0,0,0,0,0,10,10.0,9.12,0.0
Tyler Tucker,STL,STL,L,D,26,1,1,2,1,42,0.08,1,2,0,0,0,0,0,0,17,5.9,12.45,0.0
Danil Gushchin,SJS,SJS,L,L,4,1,1,2,-2,0,0.5,1,2,0,0,0,0,0,0,4,25.0,14.68,0.0
Vasily Ponomarev,CAR,CAR,L,C,2,1,1,2,1,0,1.0,1,2,0,0,0,0,0,0,1,100.0,9.68,55.6
Matt Rempe,NYR,NYR,R,C,17,1,1,2,1,71,0.12,1,2,0,0,0,0,0,1,12,8.3,5.63,50.0
Simon Edvinsson,DET,DET,L,D,16,1,1,2,0,4,0.13,1,2,0,0,0,0,0,0,13,7.7,18.25,0.0
Liam Ohgren,MIN,MIN,L,L,4,1,1,2,0,0,0.5,1,2,0,0,0,0,0,1,8,12.5,14.52,0.0
Jiri Smejkal,OTT,OTT,L,L,20,1,1,2,-6,4,0.1,1,2,0,0,0,0,0,0,10,10.0,9.48,40.7
Milan Lucic,BOS,BOS,L,L,4,0,2,2,-1,2,0.5,0,2,0,0,0,0,0,0,1,0.0,11.97,0.0
Matt Benning,SJS,SJS,R,D,14,0,2,2,-5,14,0.14,0,2,0,0,0,0,0,0,13,0.0,18.48,0.0
Jaycob Megna,CHI,CHI,L,D,44,0,2,2,-15,22,0.05,0,2,0,0,0,0,0,0,28,0.0,17.52,0.0
Nic Petan,MIN,MIN,L,C,6,0,2,2,-2,2,0.33,0,1,0,1,0,0,0,0,11,0.0,10.83,40.0
Jordan Oesterle,CGY,CGY,L,D,22,0,2,2,-6,4,0.09,0,2,0,0,0,0,0,0,18,0.0,13.52,0.0
Matthew Highmore,OTT,OTT,L,C,7,0,2,2,0,0,0.29,0,2,0,0,0,0,0,0,1,0.0,7.72,50.0
Ian Mitchell,BOS,BOS,R,D,13,0,2,2,6,10,0.15,0,2,0,0,0,0,0,0,11,0.0,15.3,0.0
Bo Groulx,ANA,ANA,L,C,45,0,2,2,-9,22,0.04,0,2,0,0,0,0,0,0,32,0.0,12.18,44.0
Cole Koepke,TBL,TBL,L,L,9,0,2,2,0,0,0.22,0,2,0,0,0,0,0,0,9,0.0,6.7,0.0
Jake Christiansen,CBJ,CBJ,L,D,12,0,2,2,-5,2,0.17,0,2,0,0,0,0,0,0,7,0.0,13.22,0.0
Ronnie Attard,PHI,PHI,R,D,12,0,2,2,1,6,0.17,0,2,0,0,0,0,0,0,14,0.0,15.38,0.0
Kirby Dach,MTL,MTL,R,C,2,0,2,2,2,0,1.0,0,2,0,0,0,0,0,0,3,0.0,13.02,37.5
Nikita Alexandrov,STL,STL,L,C,23,0,2,2,-4,4,0.09,0,2,0,0,0,0,0,0,15,0.0,8.53,40.7
Adam Beckman,MIN,MIN,L,L,11,0,2,2,-2,12,0.18,0,2,0,0,0,0,0,0,10,0.0,9.4,0.0
Philip Broberg,EDM,EDM,L,D,12,0,2,2,-3,0,0.17,0,1,0,1,0,0,0,0,6,0.0,11.62,0.0
Vasily Podkolzin,VAN,VAN,L,R,19,0,2,2,-4,8,0.11,0,2,0,0,0,0,0,0,20,0.0,10.82,37.5
Santeri Hatakka,NJD,NJD,L,D,12,0,2,2,5,4,0.17,0,2,0,0,0,0,0,0,12,0.0,14.65,0.0
Maxwell Crozier,TBL,TBL,R,D,13,0,2,2,-2,7,0.15,0,2,0,0,0,0,0,0,13,0.0,12.93,0.0
Lukas Rousek,BUF,BUF,L,R,15,0,2,2,-1,0,0.13,0,2,0,0,0,0,0,0,4,0.0,10.63,100.0
Mikael Pyyhtia,CBJ,CBJ,L,L,17,0,2,2,-5,0,0.12,0,2,0,0,0,0,0,0,22,0.0,13.15,25.0
Lane Hutson,MTL,MTL,L,D,2,0,2,2,-2,0,1.0,0,2,0,0,0,0,0,0,3,0.0,22.72,0.0
Justin Dowling,NJD,NJD,L,C,2,1,0,1,-2,0,0.5,1,1,0,0,0,0,0,0,3,33.3,10.53,30.8
Ryan Shea,PIT,PIT,L,D,31,1,0,1,1,6,0.03,1,1,0,0,0,0,0,0,17,5.9,12.62,0.0
Brandon Gignac,MTL,MTL,L,C,7,1,0,1,-3,0,0.14,1,1,0,0,0,0,0,0,7,14.3,11.65,45.3
Jacob Moverare,LAK,LAK,L,D,24,1,0,1,0,6,0.04,1,1,0,0,0,0,0,0,11,9.1,10.45,0.0
Oskar Steen,BOS,BOS,R,C,34,1,0,1,-2,4,0.03,1,1,0,0,0,0,0,0,24,4.2,9.07,0.0
Jack Studnicka,VAN,SJS,R,C,22,1,0,1,-12,6,0.05,1,1,0,0,0,0,0,0,20,5.0,11.45,39.9
Jonathan Gruden,PIT,PIT,L,C,13,1,0,1,-2,5,0.08,1,1,0,0,0,0,0,0,9,11.1,8.67,33.3
Adam Ginning,PHI,PHI,L,D,9,1,0,1,0,0,0.11,1,1,0,0,0,0,0,0,6,16.7,14.15,0.0
John Leonard,ARI,ARI,L,L,6,1,0,1,-1,0,0.17,1,1,0,0,0,0,0,0,5,20.0,6.87,0.0
Samuel Fagemo,NSH,LAK,R,L,8,1,0,1,-1,0,0.13,0,0,1,1,0,0,0,0,13,7.7,9.18,0.0
Nolan Foote,NJD,NJD,L,L,4,1,0,1,-1,0,0.25,1,1,0,0,0,0,0,0,6,16.7,10.1,0.0
Nikita Nesterenko,ANA,ANA,L,C,3,1,0,1,0,0,0.33,1,1,0,0,0,0,0,0,7,14.3,11.52,0.0
Sam Colangelo,ANA,ANA,R,R,3,1,0,1,0,2,0.33,1,1,0,0,0,0,0,0,7,14.3,12.55,0.0
Jean-Luc Foudy,COL,COL,R,C,4,1,0,1,1,0,0.25,1,1,0,0,0,0,0,0,2,50.0,6.43,0.0
Nikita Chibrikov,WPG,WPG,L,R,1,1,0,1,0,0,1.0,1,1,0,0,0,0,0,1,3,33.3,11.05,0.0
Marc McLaughlin,BOS,BOS,R,C,1,1,0,1,1,0,1.0,1,1,0,0,0,0,0,0,2,50.0,12.65,25.0
Luca Del Bel Belluz,CBJ,CBJ,L,C,1,1,0,1,1,0,1.0,1,1,0,0,0,0,0,0,2,50.0,9.58,40.0
Frank Nazar,CHI,CHI,R,C,3,1,0,1,-4,0,0.33,1,1,0,0,0,0,0,0,2,50.0,16.15,31.8
Nick Blankenburg,CBJ,CBJ,R,D,12,1,0,1,1,4,0.08,1,1,0,0,0,0,0,0,10,10.0,16.22,0.0
Adam Klapka,CGY,CGY,R,R,6,1,0,1,-1,19,0.17,1,1,0,0,0,0,0,0,4,25.0,6.77,0.0
Jason Polin,COL,COL,R,R,7,1,0,1,1,2,0.14,1,1,0,0,0,0,0,0,6,16.7,7.42,50.0
Waltteri Merela,TBL,TBL,R,C,19,1,0,1,2,4,0.05,1,1,0,0,0,0,0,0,17,5.9,9.82,25.0
Nicklas Backstrom,WSH,WSH,L,C,8,0,1,1,-3,2,0.13,0,1,0,0,0,0,0,0,12,0.0,14.57,52.4
Logan Couture,SJS,SJS,L,C,6,0,1,1,0,4,0.17,0,1,0,0,0,0,0,0,7,0.0,18.75,47.9
Byron Froese,VGK,VGK,R,C,16,0,1,1,-2,4,0.06,0,1,0,0,0,0,0,0,17,0.0,10.67,55.7
Dylan McIlrath,WSH,WSH,R,D,3,0,1,1,1,5,0.33,0,1,0,0,0,0,0,0,1,0.0,10.3,0.0
Mackenzie MacEachern,STL,STL,L,L,8,0,1,1,-1,0,0.13,0,1,0,0,0,0,0,0,4,0.0,7.87,0.0
Damon Severson,CBJ,CBJ,R,D,67,9,19,28,-10,51,0.42,9,23,0,3,0,2,0,1,88,10.2,21.15,0.0
Jake McCabe,TOR,TOR,L,D,73,8,20,28,20,56,0.38,7,25,1,2,0,1,1,3,73,11.0,20.65,0.0
Jake Evans,MTL,MTL,R,C,82,7,21,28,-1,24,0.34,6,27,0,0,1,1,0,1,81,8.6,16.02,52.2
Teddy Blueger,VAN,VAN,L,C,68,6,22,28,4,31,0.41,4,24,0,0,2,4,0,0,97,6.2,14.93,53.1
Pavel Mintyukov,ANA,ANA,L,D,63,4,24,28,-20,24,0.44,4,20,0,7,0,1,0,0,88,4.6,18.85,0.0
Nick Leddy,STL,STL,L,D,82,3,25,28,14,14,0.34,2,25,0,1,1,2,0,0,82,3.7,22.37,0.0
Michael Amadio,VGK,VGK,R,R,73,14,13,27,4,16,0.37,11,22,3,5,0,0,0,2,117,12.0,13.4,51.5
Nicholas Robertson,TOR,TOR,L,L,56,14,13,27,4,4,0.48,13,24,1,3,0,0,0,1,96,14.6,11.38,27.3
Eetu Luostarinen,FLA,FLA,L,C,82,12,15,27,1,26,0.33,10,24,2,2,0,1,0,2,119,10.1,15.93,53.6
Jesperi Kotkaniemi,CAR,CAR,L,C,79,12,15,27,-4,36,0.34,11,24,1,2,0,1,0,0,128,9.4,12.98,51.6
Adam Fantilli,CBJ,CBJ,L,C,49,12,15,27,-21,16,0.55,11,24,1,3,0,0,0,1,115,10.4,15.72,43.6
Alex Iafallo,WPG,WPG,L,L,82,11,16,27,14,6,0.33,9,21,2,5,0,1,0,2,120,9.2,15.32,32.0
Kiefer Sherwood,NSH,NSH,R,L,68,10,17,27,17,41,0.4,10,27,0,0,0,0,0,2,110,9.1,12.17,48.4
Shane Pinto,OTT,OTT,R,C,41,9,18,27,9,14,0.66,5,21,4,6,0,0,1,1,110,8.2,18.12,50.6
Jack Drury,CAR,CAR,L,C,74,8,19,27,4,33,0.36,6,20,2,7,0,0,0,0,106,7.6,12.28,55.3
Jonas Brodin,MIN,MIN,L,D,62,7,20,27,22,16,0.44,7,26,0,1,0,0,0,1,117,6.0,23.37,0.0
Jimmy Vesey,NYR,NYR,L,L,80,13,13,26,-4,20,0.33,13,26,0,0,0,0,0,4,116,11.2,12.38,39.1
Ridly Greig,OTT,OTT,L,C,72,13,13,26,10,66,0.36,10,23,2,2,1,1,0,1,97,13.4,14.75,43.9
Colton Parayko,STL,STL,R,D,82,10,16,26,4,23,0.32,9,23,0,1,1,2,1,4,154,6.5,23.87,0.0
Justin Danforth,CBJ,CBJ,R,R,71,10,16,26,-10,26,0.37,10,26,0,0,0,0,0,1,86,11.6,14.27,48.5
Miles Wood,COL,COL,L,L,74,9,17,26,-5,75,0.35,8,25,0,0,1,1,0,1,167,5.4,13.68,31.7
Jack McBain,ARI,ARI,L,C,67,8,18,26,8,50,0.39,8,26,0,0,0,0,1,2,56,14.3,12.62,45.2
Justin Schultz,SEA,SEA,R,D,70,7,19,26,-23,22,0.37,7,16,0,10,0,0,1,2,100,7.0,16.47,0.0
Dmitry Orlov,CAR,CAR,L,D,82,6,20,26,4,36,0.32,5,20,0,5,1,1,0,1,129,4.7,17.32,0.0
Erik Gudbranson,CBJ,CBJ,R,D,78,6,20,26,-14,74,0.33,6,25,0,0,0,1,0,1,91,6.6,19.67,0.0
Esa Lindell,DAL,DAL,L,D,82,5,21,26,17,12,0.32,5,25,0,0,0,1,0,0,114,4.4,20.47,0.0
J.J. Moser,ARI,ARI,L,D,80,5,21,26,-5,35,0.33,5,21,0,3,0,2,0,0,77,6.5,20.57,0.0
Brayden McNabb,VGK,VGK,L,D,82,4,22,26,18,37,0.32,4,24,0,1,0,1,0,0,86,4.7,19.35,0.0
Hampus Lindholm,BOS,BOS,L,D,73,3,23,26,18,63,0.36,2,21,1,5,0,0,0,0,99,3.0,23.28,0.0
TJ Brodie,TOR,TOR,L,D,78,1,25,26,17,40,0.33,1,26,0,0,0,0,0,0,52,1.9,21.72,0.0
Joel Armia,MTL,MTL,R,R,66,17,8,25,4,34,0.38,15,23,0,0,2,2,0,3,139,12.2,15.55,31.3
Simon Holmstrom,NYI,NYI,L,R,75,15,10,25,2,14,0.33,10,18,0,0,5,7,0,3,72,20.8,13.32,31.6
Logan O'Connor,COL,COL,R,R,57,13,12,25,13,34,0.44,10,22,0,0,3,3,0,4,85,15.3,14.95,45.3
T.J. Oshie,WSH,WSH,R,R,52,12,13,25,-6,44,0.48,5,14,7,11,0,0,0,4,90,13.3,16.87,27.9
Michael Eyssimont,TBL,TBL,L,C,81,11,14,25,7,104,0.31,9,21,2,4,0,0,0,2,149,7.4,11.85,46.2
Josh Manson,COL,COL,R,D,76,8,17,25,11,87,0.33,7,23,0,0,1,2,0,0,123,6.5,17.78,0.0
Curtis Lazar,NJD,NJD,R,C,71,7,18,25,10,44,0.35,6,24,0,0,1,1,0,2,74,9.5,12.38,48.8
Jake Middleton,MIN,MIN,L,D,80,7,18,25,-15,77,0.31,7,24,0,0,0,1,0,1,85,8.2,19.82,0.0
Paul Cotter,VGK,VGK,L,C,76,7,18,25,-11,41,0.33,5,21,2,4,0,0,0,0,100,7.0,12.73,49.1
Cody Ceci,EDM,EDM,R,D,79,5,20,25,12,14,0.32,5,24,0,0,0,1,0,0,97,5.2,20.02,0.0
Matt Roy,LAK,LAK,R,D,81,5,20,25,21,42,0.31,5,22,0,1,0,2,0,1,135,3.7,20.9,0.0
Artem Zub,OTT,OTT,R,D,69,5,20,25,5,32,0.36,4,24,0,0,1,1,0,0,85,5.9,21.02,0.0
John Marino,NJD,NJD,R,D,75,4,21,25,-6,41,0.33,4,25,0,0,0,0,0,1,57,7.0,20.95,0.0
Will Borgen,SEA,SEA,R,D,82,3,22,25,-5,65,0.3,3,25,0,0,0,0,0,0,97,3.1,17.58,0.0
Bobby McMann,TOR,TOR,L,C,56,15,9,24,13,52,0.43,14,23,1,1,0,0,0,0,118,12.7,11.57,60.0
Sam Lafferty,VAN,VAN,R,C,79,13,11,24,4,32,0.3,12,23,0,0,1,1,0,3,78,16.7,11.88,42.1
Pavel Dorofeyev,VGK,VGK,L,L,47,13,11,24,8,12,0.51,13,23,0,1,0,0,0,1,97,13.4,13.28,50.0
Tomas Tatar,COL,SEA,L,L,70,9,15,24,8,20,0.34,9,23,0,1,0,0,0,2,72,12.5,12.45,25.0
Sam Steel,DAL,DAL,L,C,77,9,15,24,0,29,0.31,7,21,0,0,2,3,0,1,86,10.5,13.25,45.0
Evgeny Kuznetsov,WSH,CAR,L,C,63,8,16,24,-11,30,0.38,7,17,1,7,0,0,0,1,96,8.3,17.55,45.0
Martin Pospisil,CGY,CGY,L,C,63,8,16,24,14,109,0.38,8,24,0,0,0,0,0,1,117,6.8,12.72,45.1
Kevin Shattenkirk,BOS,BOS,R,D,61,6,18,24,-2,18,0.39,4,13,2,11,0,0,0,0,78,7.7,15.78,0.0
David Savard,MTL,MTL,R,D,60,6,18,24,-1,24,0.4,6,24,0,0,0,0,0,0,54,11.1,20.23,0.0
Mike Reilly,FLA,NYI,L,D,61,6,18,24,-1,30,0.39,5,18,0,5,1,1,0,1,126,4.8,17.15,0.0
Jeff Petry,DET,DET,R,D,73,3,21,24,-7,39,0.33,3,23,0,0,0,1,0,0,84,3.6,18.8,0.0
Nick Perbix,TBL,TBL,R,D,77,2,22,24,8,10,0.31,2,24,0,0,0,0,1,1,57,3.5,17.08,0.0
Jordan Spence,LAK,LAK,R,D,71,2,22,24,5,12,0.34,1,18,1,6,0,0,0,0,80,2.5,14.43,0.0
Sonny Milano,WSH,WSH,L,L,49,15,8,23,4,10,0.47,12,19,3,4,0,0,0,2,50,30.0,12.5,0.0
Ryan Johansen,COL,COL,R,C,63,13,10,23,-6,34,0.37,9,16,4,6,0,1,0,4,78,16.7,13.65,53.1
Filip Zadina,SJS,SJS,L,R,72,13,10,23,-44,18,0.32,10,19,3,4,0,0,0,3,137,9.5,13.33,22.1
Evgenii Dadonov,DAL,DAL,L,R,51,12,11,23,-6,8,0.45,11,21,1,2,0,0,0,3,67,17.9,13.18,0.0
Alex Laferriere,LAK,LAK,R,R,81,12,11,23,-14,46,0.28,12,20,0,3,0,0,0,2,147,8.2,13.22,53.9
Bobby Brink,PHI,PHI,R,R,57,11,12,23,1,10,0.4,8,18,3,5,0,0,0,2,81,13.6,13.8,57.1
Mike Hoffman,SJS,SJS,L,C,66,10,13,23,-21,20,0.35,7,17,3,6,0,0,0,1,71,14.1,13.73,37.5
Casey Cizikas,NYI,NYI,L,C,70,10,13,23,-2,22,0.33,9,21,0,1,1,1,0,1,82,12.2,13.93,53.4
Cole Smith,NSH,NSH,L,L,80,9,14,23,5,63,0.29,8,20,0,0,1,3,0,4,112,8.0,13.68,29.4
Vladislav Gavrikov,LAK,LAK,L,D,77,6,17,23,9,28,0.3,6,22,0,0,0,1,1,1,114,5.3,20.62,0.0
Max Pacioretty,WSH,WSH,L,L,47,4,19,23,-14,25,0.49,2,12,2,11,0,0,0,0,95,4.2,14.43,29.4
Timothy Liljegren,TOR,TOR,R,D,55,3,20,23,3,16,0.42,3,15,0,7,0,1,0,1,62,4.8,19.67,0.0
Rasmus Sandin,WSH,WSH,L,D,68,3,20,23,-13,24,0.34,3,18,0,5,0,0,0,1,79,3.8,21.12,0.0
Corey Perry,CHI,EDM,R,R,54,12,10,22,-6,46,0.41,9,18,3,4,0,0,0,2,82,14.6,13.38,0.0
Kyle Okposo,BUF,FLA,R,R,67,12,10,22,1,34,0.33,9,17,2,4,1,1,0,0,114,10.5,13.35,47.6
Nic Dowd,WSH,WSH,R,C,64,12,10,22,-2,47,0.34,12,22,0,0,0,0,0,2,61,19.7,15.2,48.1
Michael McCarron,NSH,NSH,R,R,70,12,10,22,4,100,0.31,12,22,0,0,0,0,0,3,94,12.8,12.77,53.2
Brett Leason,ANA,ANA,R,R,68,11,11,22,-7,14,0.32,9,20,0,0,2,2,0,0,91,12.1,13.02,41.5
Marcus Foligno,MIN,MIN,L,L,55,10,12,22,10,59,0.4,10,21,0,0,0,1,0,3,56,17.9,14.48,38.9
Jalen Chatfield,CAR,CAR,R,D,72,8,14,22,15,24,0.31,8,22,0,0,0,0,0,2,90,8.9,15.2,0.0
Hendrix Lapierre,WSH,WSH,L,C,51,8,14,22,-1,4,0.43,8,20,0,2,0,0,0,1,51,15.7,11.43,37.5
Alexander Romanov,NYI,NYI,L,D,81,7,15,22,23,20,0.27,7,22,0,0,0,0,0,0,117,6.0,20.83,0.0
Kasperi Kapanen,STL,STL,R,R,73,6,16,22,-5,14,0.3,5,20,0,0,1,2,0,1,99,6.1,14.38,34.2
Kaiden Guhle,MTL,MTL,L,D,70,6,16,22,-8,56,0.31,6,22,0,0,0,0,1,1,95,6.3,20.85,0.0
Jacob Trouba,NYR,NYR,R,D,69,3,19,22,-4,73,0.32,3,20,0,1,0,1,0,0,129,2.3,21.25,0.0
Alexey Toropchenko,STL,STL,L,R,82,14,7,21,-3,30,0.26,12,19,0,0,2,2,0,1,114,12.3,12.52,0.0
Will Cuylle,NYR,NYR,L,L,81,13,8,21,-3,56,0.26,12,19,1,2,0,0,0,2,119,10.9,11.13,20.0
Jake Walman,DET,DET,L,D,63,12,9,21,-2,44,0.33,11,16,1,4,0,1,2,3,108,11.1,19.77,0.0
Calle Jarnkrok,TOR,TOR,R,C,52,10,11,21,16,18,0.4,9,18,0,1,1,2,1,3,92,10.9,15.27,49.2
Blake Wheeler,NYR,NYR,R,R,54,9,12,21,2,23,0.39,8,20,1,1,0,0,0,1,83,10.8,12.72,61.3
Oskar Sundqvist,STL,STL,R,C,71,6,15,21,-6,32,0.3,2,13,3,5,1,3,0,0,68,8.8,13.25,41.9
Beck Malenstyn,WSH,WSH,L,L,81,6,15,21,-1,25,0.26,6,20,0,0,0,1,0,1,98,6.1,14.25,45.1
Michael Kesselring,ARI,ARI,R,D,65,5,16,21,11,66,0.32,5,21,0,0,0,0,0,2,76,6.6,15.8,0.0
Egor Zamula,PHI,PHI,L,D,66,5,16,21,3,32,0.32,3,11,2,9,0,1,0,1,61,8.2,16.05,0.0
Mario Ferraro,SJS,SJS,L,D,78,3,18,21,-38,36,0.27,3,21,0,0,0,0,0,0,124,2.4,22.87,0.0
Craig Smith,DAL,DAL,R,C,75,11,9,20,2,33,0.27,11,20,0,0,0,0,0,2,112,9.8,10.22,25.0
Tye Kartye,SEA,SEA,L,L,77,11,9,20,-1,37,0.26,11,20,0,0,0,0,0,1,109,10.1,11.83,47.1
Josh Anderson,MTL,MTL,R,R,78,9,11,20,-18,74,0.26,9,18,0,2,0,0,0,0,141,6.4,15.47,48.4
Brenden Dillon,WPG,WPG,L,D,77,8,12,20,20,92,0.26,8,20,0,0,0,0,0,2,79,10.1,18.73,0.0
Philip Tomasino,NSH,NSH,R,C,41,7,13,20,-6,25,0.49,7,16,0,4,0,0,0,2,62,11.3,12.57,15.8
Nikita Zadorov,CGY,VAN,L,D,75,6,14,20,0,125,0.27,6,19,0,0,0,1,0,1,90,6.7,17.43,0.0
Ben Chiarot,DET,DET,L,D,77,5,15,20,-4,56,0.26,5,20,0,0,0,0,1,1,107,4.7,19.78,0.0
Valtteri Puustinen,PIT,PIT,R,R,52,5,15,20,4,6,0.38,5,18,0,2,0,0,0,0,86,5.8,11.75,25.0
Zac Jones,NYR,NYR,L,D,31,2,7,9,1,8,0.29,2,9,0,0,0,0,0,1,42,4.8,14.63,0.0
Olen Zellweger,ANA,ANA,L,D,26,2,7,9,-6,4,0.35,2,7,0,2,0,0,0,0,34,5.9,19.28,0.0
Jonas Siegenthaler,NJD,NJD,L,D,57,1,8,9,-7,20,0.16,1,9,0,0,0,0,0,0,63,1.6,19.33,0.0
Kaedan Korczak,VGK,VGK,R,D,26,1,8,9,12,8,0.35,1,8,0,1,0,0,0,0,32,3.1,16.5,0.0
Nikita Okhotiuk,SJS,CGY,L,D,52,1,8,9,-24,48,0.17,1,9,0,0,0,0,0,1,52,1.9,15.92,0.0
Ryker Evans,SEA,SEA,L,D,36,1,8,9,-5,20,0.25,1,4,0,5,0,0,0,0,44,2.3,19.18,0.0
Jarred Tinordi,CHI,CHI,L,D,52,0,9,9,-27,64,0.17,0,8,0,0,0,1,0,0,32,0.0,15.65,0.0
Josh Mahura,FLA,FLA,L,D,30,0,9,9,-2,20,0.3,0,8,0,0,0,1,0,0,25,0.0,12.6,0.0
William Carrier,VGK,VGK,L,L,39,6,2,8,3,16,0.21,6,8,0,0,0,0,0,0,65,9.2,11.17,46.7
Matt Martin,NYI,NYI,L,L,57,4,4,8,7,43,0.14,4,8,0,0,0,0,0,0,48,8.3,9.32,38.9
Cole Guttman,CHI,CHI,R,C,27,4,4,8,-17,7,0.3,2,5,2,3,0,0,0,0,50,8.0,12.62,50.0
Jesse Ylönen,MTL,MTL,R,R,59,4,4,8,2,12,0.14,4,8,0,0,0,0,0,1,50,8.0,10.23,55.6
Dakota Mermis,MIN,MIN,L,D,47,3,5,8,-2,33,0.17,3,8,0,0,0,0,0,0,42,7.1,14.08,0.0
Dryden Hunt,CGY,CGY,L,L,28,3,5,8,1,7,0.29,3,8,0,0,0,0,0,1,33,9.1,11.13,40.0
Oliver Kylington,CGY,CGY,L,D,33,3,5,8,-6,12,0.24,3,8,0,0,0,0,0,0,42,7.1,17.25,0.0
Marco Scandella,STL,STL,L,D,65,2,6,8,2,15,0.12,1,7,0,0,1,1,0,1,42,4.8,12.47,0.0
Travis Boyd,ARI,ARI,R,C,16,2,6,8,3,2,0.5,2,8,0,0,0,0,0,1,12,16.7,9.62,53.5
Connor Murphy,CHI,CHI,R,D,46,2,6,8,-19,40,0.17,2,8,0,0,0,0,0,0,51,3.9,19.83,0.0
Kyle Burroughs,SJS,SJS,R,D,73,2,6,8,-42,71,0.11,2,7,0,1,0,0,0,1,79,2.5,19.15,0.0
Brendan Brisson,VGK,VGK,L,C,15,2,6,8,-5,2,0.53,1,6,1,2,0,0,0,1,20,10.0,12.33,50.0
Jacob Bryson,BUF,BUF,L,D,36,1,7,8,5,8,0.22,1,8,0,0,0,0,0,0,15,6.7,14.68,0.0
Parker Wotherspoon,BOS,BOS,L,D,41,0,8,8,6,31,0.2,0,8,0,0,0,0,0,0,32,0.0,17.72,0.0
Ilya Lyubushkin,ANA,TOR,R,D,74,0,8,8,-11,57,0.11,0,8,0,0,0,0,0,0,47,0.0,17.12,0.0
Ryan Lomberg,FLA,FLA,L,L,75,5,2,7,-1,80,0.09,4,6,1,1,0,0,0,2,68,7.4,9.53,29.4
Justin Brazeau,BOS,BOS,R,R,19,5,2,7,4,2,0.37,3,5,2,2,0,0,0,1,31,16.1,11.12,30.0
Michael Sgarbossa,WSH,WSH,L,C,25,4,3,7,0,2,0.28,4,6,0,1,0,0,0,1,27,14.8,10.97,46.0
Pierre-Edouard Bellemare,SEA,SEA,L,L,40,4,3,7,4,6,0.18,3,6,0,0,1,1,0,0,36,11.1,9.83,53.5
Noel Acciari,PIT,PIT,R,C,55,4,3,7,-7,10,0.13,4,7,0,0,0,0,0,1,59,6.8,12.97,54.5
Mitchell Chaffee,TBL,TBL,R,R,30,4,3,7,2,4,0.23,4,7,0,0,0,0,0,0,27,14.8,11.28,0.0
Radim Zohorna,PIT,PIT,L,L,33,4,3,7,0,18,0.21,4,7,0,0,0,0,0,1,38,10.5,9.77,50.0
Dillon Dube,CGY,CGY,L,C,43,3,4,7,-13,8,0.16,2,6,1,1,0,0,0,0,42,7.1,11.17,53.1
David Gustafsson,WPG,WPG,L,C,39,3,4,7,1,0,0.18,3,7,0,0,0,0,0,0,27,11.1,9.27,54.6
Nils Aman,VAN,VAN,L,C,43,3,4,7,-3,8,0.16,3,7,0,0,0,0,0,0,28,10.7,10.33,45.6
Daniil Miromanov,VGK,CGY,R,D,24,3,4,7,-2,8,0.29,3,5,0,2,0,0,0,0,46,6.5,20.72,0.0
Travis Dermott,ARI,ARI,L,D,50,2,5,7,-14,26,0.14,2,7,0,0,0,0,0,0,38,5.3,17.28,0.0
Nikita Zaitsev,CHI,CHI,R,D,38,2,5,7,-5,14,0.18,2,5,0,2,0,0,0,0,31,6.5,15.93,0.0
Nick DeSimone,CGY,NJD,R,D,34,2,5,7,3,4,0.21,2,7,0,0,0,0,0,1,28,7.1,13.48,0.0
Brayden Pachal,VGK,CGY,R,D,50,2,5,7,-3,51,0.14,2,6,0,0,0,1,0,0,52,3.9,14.68,0.0
Walker Duehr,CGY,CGY,R,R,40,2,5,7,-3,6,0.18,2,7,0,0,0,0,0,0,29,6.9,8.12,16.7
Luke Schenn,NSH,NSH,R,D,63,1,6,7,1,43,0.11,1,7,0,0,0,0,0,0,81,1.2,15.18,0.0
Sammy Blais,STL,STL,L,L,53,1,6,7,-11,31,0.13,1,7,0,0,0,0,0,0,33,3.0,9.68,22.2
Noah Juulsen,VAN,VAN,R,D,54,1,6,7,-1,22,0.13,1,7,0,0,0,0,0,0,30,3.3,14.9,0.0
Dennis Gilbert,CGY,CGY,L,D,34,1,6,7,-7,16,0.21,1,7,0,0,0,0,0,0,23,4.4,12.28,0.0
Troy Stecher,ARI,EDM,R,D,54,1,6,7,9,32,0.13,1,7,0,0,0,0,0,0,51,2.0,18.12,0.0
Mattias Samuelsson,BUF,BUF,L,D,41,1,6,7,4,26,0.17,1,7,0,0,0,0,0,1,44,2.3,20.5,0.0
Matthew Kessel,STL,STL,R,D,39,1,6,7,0,12,0.18,1,7,0,0,0,0,0,0,28,3.6,16.8,0.0
Ryan Johnson,BUF,BUF,L,D,41,0,7,7,3,12,0.17,0,7,0,0,0,0,0,0,35,0.0,13.87,0.0
Wyatt Kaiser,CHI,CHI,L,D,32,0,7,7,0,22,0.22,0,7,0,0,0,0,0,0,18,0.0,17.32,0.0
Erik Johnson,BUF,PHI,R,D,67,5,1,6,-14,26,0.09,5,6,0,0,0,0,0,1,60,8.3,14.47,0.0
Ryan Reaves,TOR,TOR,R,R,49,4,2,6,-13,49,0.12,4,6,0,0,0,0,0,0,26,15.4,8.12,100.0
Tyson Jost,BUF,BUF,L,C,43,3,3,6,-11,10,0.14,3,6,0,0,0,0,0,0,48,6.3,10.6,42.6
Travis Hamonic,OTT,OTT,R,D,48,2,4,6,-10,40,0.13,2,6,0,0,0,0,0,0,50,4.0,14.73,0.0
Carson Soucy,VAN,VAN,L,D,40,2,4,6,10,12,0.15,1,4,1,2,0,0,0,0,29,6.9,17.48,0.0
Tomas Nosek,NJD,NJD,L,L,36,2,4,6,-11,6,0.17,2,6,0,0,0,0,0,0,38,5.3,11.82,51.9
Jakub Vrana,STL,STL,L,L,21,2,4,6,-7,8,0.29,2,6,0,0,0,0,0,0,42,4.8,12.13,0.0
Oliver Wahlstrom,NYI,NYI,R,R,32,2,4,6,-6,8,0.19,1,4,1,2,0,0,0,0,41,4.9,11.07,41.7
Jonatan Berggren,DET,DET,L,R,12,2,4,6,-1,2,0.5,2,6,0,0,0,0,0,0,14,14.3,10.87,0.0
Brandt Clarke,LAK,LAK,R,D,16,2,4,6,-6,10,0.38,2,3,0,3,0,0,1,1,31,6.5,13.65,0.0
Ivan Miroshnichenko,WSH,WSH,R,L,21,2,4,6,-4,6,0.29,2,5,0,1,0,0,0,0,30,6.7,12.13,0.0
Joel Edmundson,WSH,TOR,L,D,53,1,5,6,-2,23,0.11,1,6,0,0,0,0,0,0,46,2.2,16.67,0.0
Zachary Sanford,ARI,CHI,L,L,29,0,6,6,0,6,0.21,0,5,0,1,0,0,0,0,24,0.0,10.83,35.3
Filip Chytil,NYR,NYR,L,C,10,0,6,6,0,4,0.6,0,5,0,1,0,0,0,0,22,0.0,15.93,43.3
Isaak Phillips,CHI,CHI,L,D,33,0,6,6,-26,22,0.18,0,6,0,0,0,0,0,0,31,0.0,17.07,0.0
Shane Wright,SEA,SEA,R,C,8,4,1,5,1,0,0.63,4,4,0,1,0,0,0,3,12,33.3,13.53,50.6
Brendan Lemieux,CAR,CAR,L,L,32,3,2,5,0,64,0.16,3,5,0,0,0,0,0,1,29,10.3,8.0,26.7
John Ludvig,PIT,PIT,L,D,33,3,2,5,-12,47,0.15,3,5,0,0,0,0,0,1,24,12.5,11.8,0.0
Axel Jonsson-Fjallby,WPG,WPG,L,L,26,2,3,5,6,0,0.19,2,5,0,0,0,0,0,1,23,8.7,8.12,50.0
Reese Johnson,CHI,CHI,R,C,42,2,3,5,-20,40,0.12,2,5,0,0,0,0,0,0,51,3.9,10.93,51.9
Jacob Lucchini,MIN,MIN,L,C,40,2,3,5,-3,23,0.13,2,5,0,0,0,0,0,0,22,9.1,9.6,43.7
Samuel Bolduc,NYI,NYI,L,D,34,2,3,5,-4,6,0.15,1,4,1,1,0,0,0,0,32,6.3,13.15,0.0
Marc Staal,PHI,PHI,L,D,35,1,4,5,2,14,0.14,1,5,0,0,0,0,0,0,20,5.0,13.82,0.0
Nick Bonino,NYR,NYR,L,C,45,1,4,5,-12,8,0.11,1,5,0,0,0,0,0,0,31,3.2,12.25,51.0
Dominic Toninato,WPG,WPG,L,C,15,1,4,5,7,6,0.33,1,5,0,0,0,0,0,1,12,8.3,10.18,47.7
Joel Hanley,DAL,CGY,L,D,42,1,4,5,3,30,0.12,1,5,0,0,0,0,0,0,19,5.3,13.9,0.0
Haydn Fleury,TBL,TBL,L,D,24,1,4,5,5,20,0.21,1,5,0,0,0,0,0,0,25,4.0,16.12,0.0
Matthew Phillips,WSH,WSH,R,R,31,1,4,5,-3,0,0.16,1,5,0,0,0,0,0,0,21,4.8,10.18,33.3
Olle Lycksell,PHI,PHI,L,R,18,1,4,5,0,6,0.28,1,5,0,0,0,0,0,0,29,3.5,9.95,40.0
Simon Benoit,TOR,TOR,L,D,64,1,4,5,7,56,0.08,1,5,0,0,0,0,0,0,52,1.9,17.23,0.0
Jared Spurgeon,MIN,MIN,R,D,16,0,5,5,5,2,0.31,0,2,0,3,0,0,0,0,21,0.0,23.33,0.0
Justin Holl,DET,DET,R,D,38,0,5,5,8,22,0.13,0,5,0,0,0,0,0,0,14,0.0,15.08,0.0
John Klingberg,TOR,TOR,R,D,14,0,5,5,-7,8,0.36,0,3,0,2,0,0,0,0,14,0.0,20.55,0.0
Scott Mayfield,NYI,NYI,R,D,41,0,5,5,-7,35,0.12,0,5,0,0,0,0,0,0,36,0.0,18.77,0.0
Caleb Jones,COL,COL,L,D,25,0,5,5,4,8,0.2,0,5,0,0,0,0,0,0,19,0.0,12.2,0.0
Emil Lilleberg,TBL,TBL,L,D,37,0,5,5,-15,16,0.14,0,5,0,0,0,0,0,0,31,0.0,16.2,0.0
Max Willman,NJD,NJD,L,C,18,3,1,4,1,2,0.22,3,4,0,0,0,0,0,1,17,17.7,8.33,33.3
Kevin Rooney,CGY,CGY,L,C,33,3,1,4,-4,2,0.12,3,4,0,0,0,0,0,0,27,11.1,11.22,46.6
Jesse Puljujarvi,PIT,PIT,R,R,22,3,1,4,2,6,0.18,3,4,0,0,0,0,0,0,29,10.3,9.18,16.7
Akil Thomas,LAK,LAK,R,C,7,3,1,4,0,2,0.57,3,4,0,0,0,0,0,1,9,33.3,8.73,40.0
Mason Morelli,VGK,VGK,L,L,9,3,1,4,-3,0,0.44,2,3,1,1,0,0,0,0,9,33.3,10.75,33.3
Austin Watson,TBL,TBL,R,L,33,2,2,4,2,93,0.12,2,4,0,0,0,0,0,0,17,11.8,7.27,0.0
Taylor Hall,CHI,CHI,L,L,10,2,2,4,-3,4,0.4,2,3,0,1,0,0,0,1,20,10.0,16.33,66.7
Brendan Gaunce,CBJ,CBJ,L,C,24,2,2,4,-7,6,0.17,2,4,0,0,0,0,0,0,24,8.3,11.75,53.9
Louie Belpedio,PHI,PHI,R,D,12,2,2,4,6,0,0.33,2,4,0,0,0,0,0,1,12,16.7,13.2,0.0
Jonah Gadjovich,FLA,FLA,L,L,39,2,2,4,0,104,0.1,2,4,0,0,0,0,0,0,29,6.9,7.43,0.0
Spencer Stastney,NSH,NSH,L,D,20,2,2,4,9,4,0.2,2,4,0,0,0,0,0,1,11,18.2,15.98,0.0
James Malatesta,CBJ,CBJ,L,L,11,2,2,4,-1,5,0.36,2,4,0,0,0,0,0,0,12,16.7,10.22,0.0
Nicolas Deslauriers,PHI,PHI,L,L,60,1,3,4,-7,89,0.07,1,4,0,0,0,0,0,0,49,2.0,8.15,38.5
Tyler Pitlick,NYR,NYR,R,C,34,1,3,4,-6,4,0.12,1,4,0,0,0,0,0,0,32,3.1,10.2,17.7
Matt Nieto,PIT,PIT,L,L,22,1,3,4,5,4,0.18,1,4,0,0,0,0,0,0,13,7.7,11.62,0.0
Devin Shore,SEA,SEA,L,C,21,1,3,4,3,4,0.19,1,4,0,0,0,0,0,0,15,6.7,8.0,50.0
Zach Bogosian,TBL,MIN,R,D,65,3,11,14,11,63,0.22,3,13,0,0,0,1,0,1,83,3.6,17.88,0.0
Ryan Graves,PIT,PIT,L,D,70,3,11,14,10,30,0.2,3,14,0,0,0,0,0,1,77,3.9,18.38,0.0
Jordan Harris,MTL,MTL,L,D,56,3,11,14,-5,22,0.25,3,14,0,0,0,0,0,0,43,7.0,17.47,0.0
Nate Schmidt,WPG,WPG,L,D,63,2,12,14,10,16,0.22,1,10,1,4,0,0,0,1,75,2.7,16.82,0.0
Zach Whitecloud,VGK,VGK,R,D,61,2,12,14,-3,32,0.23,2,13,0,0,0,1,0,1,51,3.9,17.58,0.0
Nick Jensen,WSH,WSH,R,D,78,1,13,14,-9,10,0.18,1,14,0,0,0,0,0,0,71,1.4,19.63,0.0
Urho Vaakanainen,ANA,ANA,L,D,68,1,13,14,0,26,0.21,1,13,0,0,0,1,0,0,67,1.5,17.48,0.0
Trevor van Riemsdyk,WSH,WSH,R,D,70,0,14,14,-7,18,0.2,0,13,0,0,0,1,0,0,75,0.0,18.67,0.0
Nathan Walker,STL,STL,L,L,45,7,6,13,-1,18,0.29,7,13,0,0,0,0,0,0,43,16.3,10.82,47.6
Boris Katchouk,CHI,OTT,L,L,59,7,6,13,-6,12,0.22,6,12,0,0,1,1,0,0,70,10.0,11.48,43.6
Justin Barron,MTL,MTL,R,D,48,7,6,13,-3,16,0.27,6,12,1,1,0,0,1,1,60,11.7,18.63,0.0
Cody Glass,NSH,NSH,R,C,41,6,7,13,-9,20,0.32,6,12,0,1,0,0,0,1,82,7.3,13.43,46.1
Johnathan Kovacevic,MTL,MTL,R,D,62,6,7,13,11,42,0.21,6,13,0,0,0,0,0,0,46,13.0,16.52,0.0
Tanner Pearson,MTL,MTL,L,L,54,5,8,13,-12,21,0.24,4,11,1,2,0,0,0,1,77,6.5,12.93,22.7
Brandon Duhaime,MIN,COL,L,R,80,5,8,13,-5,70,0.16,4,12,0,0,1,1,0,0,92,5.4,10.87,40.0
Nico Sturm,SJS,SJS,L,C,63,5,8,13,-25,12,0.21,4,12,0,0,1,1,0,0,69,7.3,14.67,60.1
Jake Bean,CBJ,CBJ,L,D,72,4,9,13,-10,32,0.18,4,13,0,0,0,0,0,0,76,5.3,16.33,0.0
Alexander Barabanov,SJS,SJS,L,L,46,4,9,13,-24,12,0.28,4,11,0,2,0,0,0,0,67,6.0,15.87,40.0
Mason Lohrei,BOS,BOS,L,D,41,4,9,13,-2,18,0.32,3,10,1,3,0,0,0,1,43,9.3,16.95,0.0
Brett Pesce,CAR,CAR,R,D,70,3,10,13,10,20,0.19,3,13,0,0,0,0,1,1,107,2.8,20.28,0.0
Dante Fabbro,NSH,NSH,R,D,56,3,10,13,9,24,0.23,3,13,0,0,0,0,0,0,65,4.6,16.35,0.0
Erik Cernak,TBL,TBL,R,D,69,2,11,13,5,63,0.19,2,13,0,0,0,0,0,0,53,3.8,19.18,0.0
Nick Seeler,PHI,PHI,L,D,71,1,12,13,9,78,0.18,1,9,0,0,0,4,0,0,100,1.0,16.95,0.0
Colin Blackwell,CHI,CHI,R,C,44,8,4,12,-2,10,0.27,7,11,1,1,0,0,0,2,88,9.1,14.5,45.7
Carl Grundstrom,LAK,LAK,L,R,50,8,4,12,-2,12,0.24,6,10,1,1,1,1,0,1,95,8.4,10.93,20.0
Juuso Parssinen,NSH,NSH,L,C,44,8,4,12,-6,12,0.27,6,9,2,3,0,0,0,0,54,14.8,14.6,37.5
Marc-Edouard Vlasic,SJS,SJS,L,D,57,6,6,12,-27,26,0.21,6,12,0,0,0,0,0,1,72,8.3,16.28,0.0
A.J. Greer,CGY,CGY,L,L,59,6,6,12,-7,35,0.2,5,11,1,1,0,0,0,0,57,10.5,8.83,50.0
Noah Gregor,TOR,TOR,L,C,63,6,6,12,-7,17,0.19,4,10,1,1,1,1,0,1,110,5.5,11.4,58.3
Ryan Carpenter,SJS,SJS,R,C,62,5,7,12,-16,6,0.19,5,12,0,0,0,0,0,0,58,8.6,11.1,47.8
Derek Ryan,EDM,EDM,R,C,70,5,7,12,-3,8,0.17,3,9,0,0,2,3,0,0,52,9.6,10.2,55.8
Nathan Bastian,NJD,NJD,R,R,54,5,7,12,-10,32,0.22,5,12,0,0,0,0,0,1,57,8.8,10.17,51.9
Mathieu Olivier,CBJ,CBJ,R,R,54,5,7,12,-4,70,0.22,4,11,0,0,1,1,0,1,55,9.1,11.28,25.0
Barclay Goodrow,NYR,NYR,L,C,80,4,8,12,-13,78,0.15,3,11,0,0,1,1,0,1,61,6.6,12.57,54.0
Mathew Dumba,ARI,TBL,R,D,76,4,8,12,-18,88,0.16,4,12,0,0,0,0,0,0,86,4.7,19.73,0.0
Chris Tierney,NJD,NJD,L,C,52,4,8,12,3,21,0.23,4,12,0,0,0,0,0,0,26,15.4,9.03,57.2
Connor Brown,EDM,EDM,R,R,71,4,8,12,-8,10,0.17,4,12,0,0,0,0,0,0,108,3.7,12.8,41.5
Mattias Janmark,EDM,EDM,L,C,71,4,8,12,0,46,0.17,4,12,0,0,0,0,0,0,67,6.0,11.9,42.7
Michael Pezzetta,MTL,MTL,L,L,61,3,9,12,4,59,0.2,3,12,0,0,0,0,0,1,42,7.1,7.8,42.9
Jani Hakanpää,DAL,DAL,R,D,64,2,10,12,10,33,0.19,2,12,0,0,0,0,0,1,56,3.6,18.65,0.0
Nicolas Hague,VGK,VGK,L,D,73,2,10,12,-5,43,0.16,2,12,0,0,0,0,0,1,105,1.9,18.55,0.0
Luke Glendening,TBL,TBL,R,C,81,10,1,11,-2,39,0.14,9,10,0,0,1,1,0,1,57,17.5,11.62,56.0
Thomas Bordeleau,SJS,SJS,L,C,27,6,5,11,-18,18,0.41,2,4,4,7,0,0,0,1,48,12.5,15.02,52.8
MacKenzie Entwistle,CHI,CHI,R,R,67,5,6,11,-29,47,0.16,5,11,0,0,0,0,0,1,66,7.6,11.38,43.8
Isac Lundestrom,ANA,ANA,L,C,46,5,6,11,-1,2,0.24,4,9,0,1,1,1,0,0,38,13.2,14.33,44.0
Jon Merrill,MIN,MIN,L,D,65,4,7,11,0,30,0.17,4,11,0,0,0,0,0,0,42,9.5,12.78,0.0
Tony DeAngelo,CAR,CAR,R,D,31,3,8,11,-7,24,0.35,1,5,2,6,0,0,0,0,44,6.8,14.33,0.0
Henry Thrun,SJS,SJS,L,D,51,3,8,11,-22,16,0.22,1,7,2,4,0,0,0,0,48,6.3,20.0,0.0
Ian Cole,VAN,VAN,L,D,78,2,9,11,10,61,0.14,2,11,0,0,0,0,0,0,61,3.3,18.68,0.0
Matt Grzelcyk,BOS,BOS,L,D,63,2,9,11,13,37,0.17,2,11,0,0,0,0,0,0,59,3.4,17.6,0.0
Pierre-Olivier Joseph,PIT,PIT,L,D,52,2,9,11,-3,14,0.21,2,11,0,0,0,0,0,1,42,4.8,15.08,0.0
Vincent Desharnais,EDM,EDM,R,D,78,1,10,11,3,54,0.14,1,10,0,0,0,1,0,0,41,2.4,15.73,0.0
Kevin Bahl,NJD,NJD,L,D,82,1,10,11,1,82,0.13,1,11,0,0,0,0,0,1,63,1.6,17.4,0.0
John Beecher,BOS,BOS,L,C,52,7,3,10,-6,24,0.19,7,10,0,0,0,0,0,1,38,18.4,10.62,54.6
Zach Parise,COL,COL,L,L,30,5,5,10,-7,8,0.33,5,8,0,2,0,0,0,1,50,10.0,12.97,30.2
Sam Gagner,EDM,EDM,R,C,28,5,5,10,-2,10,0.36,5,9,0,1,0,0,0,2,48,10.4,10.22,62.5
Phillip Di Giuseppe,VAN,VAN,L,L,51,5,5,10,-1,36,0.2,5,10,0,0,0,0,0,1,52,9.6,12.1,29.4
Mark Kastelic,OTT,OTT,R,C,63,5,5,10,-5,63,0.16,5,10,0,0,0,0,0,0,60,8.3,7.72,54.4
Calvin de Haan,TBL,TBL,L,D,59,3,7,10,-9,22,0.17,3,10,0,0,0,0,0,0,56,5.4,16.63,0.0
Josh Brown,ARI,ARI,R,D,51,3,7,10,2,75,0.2,3,10,0,0,0,0,0,1,44,6.8,14.75,0.0
Gustav Lindstrom,MTL,ANA,R,D,46,3,7,10,12,24,0.22,3,10,0,0,0,0,0,0,29,10.3,15.4,0.0
Eric Robinson,CBJ,BUF,L,L,47,3,7,10,-3,19,0.21,3,10,0,0,0,0,0,1,61,4.9,11.33,50.0
Barrett Hayton,ARI,ARI,L,C,33,3,7,10,-13,26,0.3,2,8,1,2,0,0,0,0,66,4.6,17.02,49.8
Jayden Struble,MTL,MTL,L,D,56,3,7,10,-3,57,0.18,3,10,0,0,0,0,0,0,47,6.4,16.12,0.0
Jamie Drysdale,ANA,PHI,R,D,34,3,7,10,-20,8,0.29,2,7,1,2,0,1,0,0,55,5.5,19.62,0.0
Arber Xhekaj,MTL,MTL,L,D,44,3,7,10,6,81,0.23,3,10,0,0,0,0,0,0,61,4.9,15.93,0.0
Sam Malinski,COL,COL,R,D,23,3,7,10,3,6,0.43,2,8,1,2,0,0,0,1,31,9.7,14.23,0.0
Ben Hutton,VGK,VGK,L,D,41,2,8,10,12,17,0.24,2,9,0,1,0,0,0,0,67,3.0,16.25,0.0
Jakub Lauko,BOS,BOS,L,C,60,2,8,10,-3,32,0.17,2,10,0,0,0,0,0,0,43,4.7,9.82,43.8
Rafael Harvey-Pinard,MTL,MTL,L,L,45,2,8,10,-2,6,0.22,2,9,0,0,0,1,0,0,26,7.7,12.63,31.7
Andreas Englund,LAK,LAK,L,D,82,1,9,10,-3,81,0.12,1,10,0,0,0,0,0,0,41,2.4,13.22,0.0
Andrew Peeke,CBJ,BOS,R,D,38,1,9,10,-1,14,0.26,1,9,0,0,0,1,0,0,37,2.7,16.4,0.0
Conor Timmins,TOR,TOR,R,D,25,1,9,10,9,18,0.4,1,8,0,2,0,0,0,0,25,4.0,16.02,0.0
Ty Emberson,SJS,SJS,R,D,30,1,9,10,-4,6,0.33,1,9,0,1,0,0,0,0,31,3.2,18.55,0.0
Adam Boqvist,CBJ,CBJ,R,D,35,1,9,10,-8,0,0.29,1,6,0,4,0,0,0,0,45,2.2,18.28,0.0
David Jiricek,CBJ,CBJ,R,D,43,1,9,10,-4,22,0.23,1,10,0,0,0,0,0,1,38,2.6,14.6,0.0
Alex Goligoski,MIN,MIN,L,D,36,0,10,10,-8,18,0.28,0,8,0,2,0,0,0,0,32,0.0,14.82,0.0
Jacob MacDonald,SJS,SJS,L,D,34,7,2,9,-14,23,0.26,4,5,3,4,0,0,0,0,49,14.3,12.02,25.0
Tyler Motte,TBL,TBL,L,C,69,6,3,9,-8,28,0.13,4,7,0,0,2,2,0,2,83,7.2,12.45,50.3
Patrik Laine,CBJ,CBJ,R,L,18,6,3,9,-10,6,0.5,5,7,1,2,0,0,0,0,41,14.6,15.22,38.0
Alex Barré-Boulet,TBL,TBL,L,C,36,6,3,9,-9,10,0.25,4,7,2,2,0,0,0,0,46,13.0,11.18,50.0
Dylan Holloway,EDM,EDM,L,L,38,6,3,9,-1,29,0.24,5,8,1,1,0,0,0,0,56,10.7,11.37,57.5
Christian Dvorak,MTL,MTL,L,C,30,5,4,9,-5,4,0.3,4,8,1,1,0,0,0,0,35,14.3,15.53,57.8
Julien Gauthier,NYI,NYI,R,R,27,5,4,9,-5,8,0.33,5,9,0,0,0,0,0,1,32,15.6,10.17,37.5
Vinni Lettieri,MIN,MIN,R,C,46,5,4,9,-7,24,0.2,5,9,0,0,0,0,0,1,47,10.6,9.58,49.4
Josh Doan,ARI,ARI,R,R,11,5,4,9,6,0,0.82,5,9,0,0,0,0,0,1,23,21.7,12.32,41.7
Zack Bolduc,STL,STL,L,C,25,5,4,9,0,6,0.36,5,9,0,0,0,0,0,0,38,13.2,12.02,50.0
Colin Miller,NJD,WPG,R,D,46,4,5,9,8,26,0.2,4,8,0,1,0,0,0,0,69,5.8,15.7,0.0
Kyle MacLean,NYI,NYI,L,C,32,4,5,9,5,11,0.28,4,9,0,0,0,0,0,0,26,15.4,10.08,42.5
Joshua Roy,MTL,MTL,L,R,23,4,5,9,-2,0,0.39,4,9,0,0,0,0,0,0,34,11.8,12.13,28.6
Mark Giordano,TOR,TOR,L,D,46,3,6,9,10,49,0.2,3,9,0,0,0,0,0,1,59,5.1,16.62,0.0
Fredrik Olofsson,COL,COL,L,L,57,3,6,9,-5,8,0.16,3,9,0,0,0,0,0,1,45,6.7,9.75,39.7
Adam Ruzicka,CGY,ARI,L,C,42,3,6,9,-9,12,0.21,3,5,0,4,0,0,0,1,35,8.6,10.03,47.0
Declan Chisholm,WPG,MIN,L,D,31,3,6,9,-7,18,0.29,1,4,2,5,0,0,0,0,29,10.3,16.53,0.0
Joel Kiviranta,COL,COL,L,L,56,3,6,9,-1,12,0.16,3,9,0,0,0,0,0,0,48,6.3,9.83,28.6
Matt Coronato,CGY,CGY,R,R,34,3,6,9,-15,4,0.26,2,8,1,1,0,0,0,0,58,5.2,12.62,26.3
Andreas Athanasiou,CHI,CHI,L,C,28,2,7,9,-7,7,0.32,2,7,0,2,0,0,0,0,44,4.6,13.1,46.3
Kevin Labanc,SJS,SJS,R,R,46,2,7,9,-27,16,0.2,2,6,0,3,0,0,0,0,60,3.3,11.62,30.0
Sebastian Aho (D),NYI,NYI,L,D,58,2,7,9,-7,12,0.16,2,7,0,2,0,0,0,0,48,4.2,16.38,0.0
Ty Dellandrea,DAL,DAL,R,C,42,2,7,9,-10,23,0.21,2,9,0,0,0,0,0,0,53,3.8,12.67,41.5
Nikita Kucherov,TBL,TBL,L,R,81,44,100,144,8,22,1.78,31,91,13,53,0,0,1,6,306,14.4,21.67,50.0
Nathan MacKinnon,COL,COL,R,C,82,51,89,140,35,42,1.71,41,92,10,48,0,0,2,9,405,12.6,22.82,46.2
Connor McDavid,EDM,EDM,L,C,76,32,100,132,35,30,1.74,24,87,7,44,1,1,1,5,263,12.2,21.37,51.1
Artemi Panarin,NYR,NYR,R,L,82,49,71,120,18,24,1.46,38,75,11,44,0,1,1,5,302,16.2,20.12,10.0
David Pastrnak,BOS,BOS,R,R,82,47,63,110,21,47,1.34,35,75,12,35,0,0,0,5,382,12.3,19.93,33.3
Auston Matthews,TOR,TOR,L,C,81,69,38,107,31,20,1.32,51,77,18,29,0,1,3,8,369,18.7,20.97,53.5
Leon Draisaitl,EDM,EDM,L,C,81,41,65,106,26,76,1.31,20,65,21,39,0,2,2,7,217,18.9,20.7,56.9
Mikko Rantanen,COL,COL,L,R,80,42,62,104,19,50,1.3,28,64,14,40,0,0,0,9,271,15.5,22.9,53.8
J.T. Miller,VAN,VAN,L,C,81,37,66,103,32,58,1.27,25,61,10,40,2,2,2,9,194,19.1,19.48,56.3
William Nylander,TOR,TOR,R,R,82,40,58,98,1,24,1.2,26,59,11,35,3,4,2,7,316,12.7,19.92,47.1
Kirill Kaprizov,MIN,MIN,L,L,75,46,50,96,11,36,1.28,27,55,19,41,0,0,2,8,277,16.6,21.58,0.0
Sam Reinhart,FLA,FLA,R,C,82,57,37,94,29,31,1.15,25,55,27,34,5,5,3,11,233,24.5,20.3,44.2
Filip Forsberg,NSH,NSH,R,L,82,48,46,94,16,43,1.15,35,62,13,32,0,0,3,11,347,13.8,18.9,50.0
Sidney Crosby,PIT,PIT,L,C,82,42,52,94,7,40,1.15,32,71,10,23,0,0,0,3,278,15.1,20.08,58.2
Quinn Hughes,VAN,VAN,L,D,82,17,75,92,38,38,1.12,12,54,5,38,0,0,1,2,199,8.5,24.68,0.0
Brayden Point,TBL,TBL,R,C,81,46,44,90,-16,14,1.11,31,58,15,32,0,0,0,12,227,20.3,20.03,45.7
Cale Makar,COL,COL,R,D,77,21,69,90,15,16,1.17,13,47,7,39,1,4,0,1,231,9.1,24.77,0.0
Sebastian Aho (C),CAR,CAR,L,C,78,36,53,89,34,36,1.14,24,55,11,32,1,2,2,10,216,16.7,19.63,54.1
Elias Pettersson,VAN,VAN,L,C,82,34,55,89,20,12,1.09,21,56,13,31,0,2,2,10,207,16.4,19.65,50.8
Matthew Tkachuk,FLA,FLA,L,L,80,26,62,88,19,88,1.1,19,55,6,32,1,1,0,2,280,9.3,18.63,33.3
Robert Thomas,STL,STL,R,C,82,26,60,86,9,48,1.05,17,56,8,27,1,3,0,3,170,15.3,20.97,53.1
Mitch Marner,TOR,TOR,R,R,69,26,59,85,21,18,1.23,17,57,8,27,1,1,0,2,158,16.5,21.28,25.0
Roman Josi,NSH,NSH,L,D,82,23,62,85,12,45,1.04,14,51,9,33,0,1,2,5,268,8.6,24.63,0.0
Jesper Bratt,NJD,NJD,L,L,82,27,56,83,-6,12,1.01,20,55,7,27,0,1,0,7,248,10.9,19.3,36.4
Evan Bouchard,EDM,EDM,R,D,81,18,64,82,34,32,1.01,10,47,8,35,0,0,2,7,220,8.2,23.0,0.0
Steven Stamkos,TBL,TBL,R,C,79,40,41,81,-21,34,1.03,21,42,19,39,0,0,0,6,262,15.3,18.23,56.0
Jason Robertson,DAL,DAL,L,L,82,29,51,80,19,22,0.98,20,52,9,28,0,0,0,4,231,12.6,18.32,0.0
Aleksander Barkov,FLA,FLA,L,C,73,23,57,80,33,24,1.1,18,49,5,29,0,2,0,4,193,11.9,19.63,57.3
Mathew Barzal,NYI,NYI,R,C,80,23,57,80,-4,34,1.0,18,55,5,25,0,0,2,4,240,9.6,20.13,43.0
Zach Hyman,EDM,EDM,R,L,80,54,23,77,36,48,0.96,39,57,15,20,0,0,1,7,290,18.6,19.5,43.8
Nick Suzuki,MTL,MTL,R,C,82,33,44,77,-14,36,0.94,21,46,12,31,0,0,1,1,185,17.8,21.27,52.6
Jake Guentzel,PIT,CAR,L,C,67,30,47,77,25,22,1.15,25,55,5,22,0,0,0,2,238,12.6,20.02,26.1
Vincent Trocheck,NYR,NYR,R,C,82,25,52,77,16,55,0.94,13,52,11,24,1,1,1,5,215,11.6,21.45,58.7
Clayton Keller,ARI,ARI,L,R,78,33,43,76,-20,32,0.97,24,46,9,30,0,0,0,4,228,14.5,19.25,46.2
Victor Hedman,TBL,TBL,L,D,78,13,63,76,18,76,0.97,9,45,4,31,0,0,0,2,168,7.7,24.8,0.0
Chris Kreider,NYR,NYR,L,L,82,39,36,75,19,26,0.91,19,41,18,29,2,5,1,7,246,15.9,18.78,36.5
Nazem Kadri,CGY,CGY,L,C,82,29,46,75,0,43,0.91,19,53,10,22,0,0,2,4,277,10.5,18.43,48.9
Adrian Kempe,LAK,LAK,L,R,77,28,47,75,13,72,0.97,20,44,5,27,3,4,1,4,246,11.4,18.93,23.1
Brandon Hagel,TBL,TBL,L,L,82,26,49,75,1,79,0.91,24,66,2,7,0,2,1,3,184,14.1,19.25,41.0
Gustav Nyquist,NSH,NSH,L,C,81,23,52,75,7,8,0.93,17,49,5,24,1,2,0,4,153,15.0,17.75,38.5
Brady Tkachuk,OTT,OTT,L,L,81,37,37,74,1,134,0.91,25,52,12,22,0,0,1,2,357,10.4,19.15,52.6
Jack Hughes,NJD,NJD,L,C,62,27,47,74,-12,12,1.19,18,43,9,31,0,0,2,4,274,9.9,20.97,37.2
Brock Boeser,VAN,VAN,R,R,81,40,33,73,23,14,0.9,24,48,16,25,0,0,1,4,204,19.6,18.6,52.0
Kevin Fiala,LAK,LAK,L,L,82,29,44,73,1,62,0.89,18,43,11,30,0,0,1,2,225,12.9,18.03,26.3
Adam Fox,NYR,NYR,R,D,72,17,56,73,21,36,1.01,10,38,6,33,1,2,1,5,137,12.4,23.45,0.0
Carter Verhaeghe,FLA,FLA,L,C,76,34,38,72,17,36,0.95,26,51,8,21,0,0,1,7,246,13.8,17.97,44.1
Lucas Raymond,DET,DET,R,L,82,31,41,72,-12,30,0.88,25,56,6,16,0,0,3,4,163,19.0,17.75,40.0
Mika Zibanejad,NYR,NYR,R,C,81,26,46,72,15,30,0.89,12,35,12,31,2,6,2,3,221,11.8,19.75,49.3
Mark Scheifele,WPG,WPG,R,C,74,25,47,72,19,57,0.97,19,54,6,18,0,0,1,4,154,16.2,20.18,48.1
Anze Kopitar,LAK,LAK,L,C,81,26,44,70,11,22,0.86,16,44,9,23,1,3,0,6,133,19.6,19.65,55.1
Tim Stützle,OTT,OTT,L,C,75,18,52,70,-17,28,0.93,17,50,1,20,0,0,2,2,192,9.4,21.12,46.7
Noah Dobson,NYI,NYI,R,D,79,10,60,70,12,36,0.89,9,45,1,24,0,1,0,4,174,5.8,24.52,0.0
Jonathan Marchessault,VGK,VGK,R,R,82,42,27,69,-2,40,0.84,34,52,8,17,0,0,2,5,266,15.8,17.9,25.0
Brock Nelson,NYI,NYI,L,C,82,34,35,69,-5,28,0.84,24,48,9,19,1,2,1,2,250,13.6,18.08,45.2
Dylan Larkin,DET,DET,L,C,68,33,36,69,5,39,1.01,17,41,14,26,2,2,2,5,221,14.9,20.17,55.4
Matt Boldy,MIN,MIN,L,L,75,29,40,69,5,48,0.92,19,44,10,25,0,0,1,7,227,12.8,18.92,42.1
Ryan O'Reilly,NSH,NSH,L,C,82,26,43,69,6,18,0.84,12,41,14,28,0,0,0,1,180,14.4,19.77,53.9
Josh Morrissey,WPG,WPG,L,D,81,10,59,69,34,44,0.85,8,50,2,19,0,0,0,1,196,5.1,24.18,0.0
Bo Horvat,NYI,NYI,L,C,81,33,35,68,-1,39,0.84,22,48,10,18,1,2,3,6,248,13.3,19.7,53.9
Travis Konecny,PHI,PHI,R,R,76,33,35,68,4,67,0.89,23,52,4,9,6,7,0,5,244,13.5,19.83,40.2
Jack Eichel,VGK,VGK,R,C,63,31,37,68,4,27,1.08,20,44,11,22,0,2,2,7,278,11.2,20.52,45.5
Seth Jarvis,CAR,CAR,R,C,81,33,34,67,23,14,0.83,18,44,13,20,2,3,1,9,176,18.8,18.75,44.6
Jordan Kyrou,STL,STL,R,C,82,31,36,67,-12,22,0.82,23,46,8,21,0,0,0,4,251,12.4,18.33,33.3
Brad Marchand,BOS,BOS,L,L,82,29,38,67,2,78,0.82,19,37,7,26,3,4,2,6,207,14.0,19.1,43.6
Joe Pavelski,DAL,DAL,R,C,82,27,40,67,12,20,0.82,16,46,11,21,0,0,1,4,194,13.9,16.82,51.1
Evgeni Malkin,PIT,PIT,L,C,82,27,40,67,5,70,0.82,21,49,6,18,0,0,0,2,199,13.6,18.58,48.6
Dylan Strome,WSH,WSH,L,C,82,27,40,67,-13,22,0.82,21,45,6,22,0,0,3,5,169,16.0,17.95,52.8
Alex DeBrincat,DET,DET,R,R,82,27,40,67,1,34,0.82,16,48,11,19,0,0,0,1,237,11.4,17.9,42.1
Nico Hischier,NJD,NJD,L,C,71,27,40,67,-5,12,0.94,20,49,6,17,1,1,0,4,182,14.8,19.48,56.6
Ryan Nugent-Hopkins,EDM,EDM,L,C,80,18,49,67,10,36,0.84,14,38,4,26,0,3,0,3,183,9.8,19.62,48.0
Drake Batherson,OTT,OTT,R,R,82,28,38,66,-9,42,0.8,21,44,7,22,0,0,1,4,196,14.3,18.17,40.9
Wyatt Johnston,DAL,DAL,R,C,82,32,33,65,14,38,0.79,26,52,3,10,3,3,0,3,216,14.8,17.0,50.2
Alex Ovechkin,WSH,WSH,R,L,79,31,34,65,-22,20,0.82,18,37,13,28,0,0,1,5,272,11.4,19.22,0.0
Roope Hintz,DAL,DAL,L,C,80,30,35,65,26,22,0.81,19,42,8,19,3,4,2,6,182,16.5,17.23,56.2
John Tavares,TOR,TOR,L,C,80,29,36,65,2,30,0.81,20,45,9,20,0,0,1,6,279,10.4,17.87,59.3
Cole Caufield,MTL,MTL,R,R,82,28,37,65,-4,16,0.79,19,44,9,21,0,0,3,7,314,8.9,19.42,43.8
Matt Duchene,DAL,DAL,L,C,80,25,40,65,15,20,0.81,19,49,6,16,0,0,2,7,172,14.5,16.77,56.5
Joel Eriksson Ek,MIN,MIN,L,C,77,30,34,64,18,60,0.83,17,42,12,21,1,1,0,5,267,11.2,20.53,49.7
Claude Giroux,OTT,OTT,R,R,82,21,43,64,-14,26,0.78,16,42,3,19,2,3,1,2,183,11.5,20.1,58.0
Pavel Buchnevich,STL,STL,L,L,80,27,36,63,3,48,0.79,17,42,8,18,2,3,2,5,207,13.0,19.82,37.4
Mats Zuccarello,MIN,MIN,L,R,69,12,51,63,-5,30,0.91,7,30,5,33,0,0,0,1,173,6.9,18.9,37.5
Jared McCann,SEA,SEA,L,L,80,29,33,62,-10,31,0.78,18,37,9,23,2,2,1,3,216,13.4,16.77,47.9
Mike Matheson,MTL,MTL,L,D,82,11,51,62,-24,58,0.76,4,32,5,28,2,2,0,0,187,5.9,25.55,0.0
Kyle Connor,WPG,WPG,L,L,65,34,27,61,-6,6,0.94,29,42,5,19,0,0,3,10,221,15.4,19.72,28.6
Nikolaj Ehlers,WPG,WPG,L,L,82,25,36,61,27,29,0.74,25,54,0,7,0,0,1,7,233,10.7,15.87,26.7
Nick Schmaltz,ARI,ARI,R,C,79,22,39,61,-16,10,0.77,11,39,10,21,1,1,1,3,158,13.9,19.18,41.0
Connor Bedard,CHI,CHI,R,C,68,22,39,61,-44,28,0.9,18,40,4,21,0,0,1,2,206,10.7,19.78,38.9
Frank Vatrano,ANA,ANA,L,R,82,37,23,60,-20,85,0.73,21,36,13,20,3,4,2,7,272,13.6,18.35,33.3
William Karlsson,VGK,VGK,L,C,70,30,30,60,15,22,0.86,22,43,7,15,1,2,0,2,175,17.1,17.6,56.2
Charlie Coyle,BOS,BOS,R,C,82,25,35,60,-2,38,0.73,17,44,7,11,1,5,0,5,147,17.0,18.07,51.6
Jamie Benn,DAL,DAL,L,L,82,21,39,60,8,41,0.73,13,35,7,22,1,3,0,3,164,12.8,15.12,61.2
Mikael Granlund,SJS,SJS,L,C,69,12,48,60,-23,32,0.87,11,36,1,23,0,1,1,1,134,9.0,20.97,46.8
Johnny Gaudreau,CBJ,CBJ,L,L,81,12,48,60,-27,22,0.74,11,42,1,18,0,0,1,3,160,7.5,18.82,0.0
Yegor Sharangovich,CGY,CGY,L,C,82,31,28,59,-29,8,0.72,22,35,6,17,3,7,1,4,179,17.3,17.32,39.0
Sean Monahan,MTL,WPG,L,C,83,26,33,59,-1,12,0.71,15,36,9,21,2,2,0,5,171,15.2,18.1,54.9
Alex Tuch,BUF,BUF,R,R,75,22,37,59,9,54,0.79,19,47,2,11,1,1,0,7,192,11.5,19.5,40.0
Pavel Zacha,BOS,BOS,L,C,78,21,38,59,12,18,0.76,15,44,6,15,0,0,1,6,148,14.2,18.1,54.8
Oliver Bjorkstrand,SEA,SEA,R,R,82,20,39,59,-20,12,0.72,12,34,8,25,0,0,0,3,186,10.8,16.18,32.1
Rasmus Dahlin,BUF,BUF,L,D,81,20,39,59,-3,66,0.73,14,39,6,20,0,0,1,2,235,8.5,25.42,0.0
Morgan Rielly,TOR,TOR,L,D,72,7,51,58,7,27,0.81,6,38,1,20,0,0,0,0,173,4.1,23.73,0.0
Logan Morrison,SEA,SEA,R,C,4,0,0,0,-1,0,0.0,0,0,0,0,0,0,0,0,6,0.0,13.13,45.2
Cameron Butler,CBJ,CBJ,R,R,1,0,0,0,0,0,0.0,0,0,0,0,0,0,0,0,0,0.0,0.9,0.0
Arshdeep Bains,VAN,VAN,L,L,8,0,0,0,-5,6,0.0,0,0,0,0,0,0,0,0,4,0.0,11.8,0.0
Declan Carlile,TBL,TBL,L,D,1,0,0,0,1,0,0.0,0,0,0,0,0,0,0,0,0,0.0,11.45,0.0
Marc Johnstone,PIT,PIT,R,R,1,0,0,0,-1,0,0.0,0,0,0,0,0,0,0,0,0,0.0,7.32,100.0
Brandon Scanlin,NYR,NYR,L,D,1,0,0,0,0,0,0.0,0,0,0,0,0,0,0,0,0,0.0,10.77,0.0
Jiri Kulich,BUF,BUF,L,C,1,0,0,0,-1,0,0.0,0,0,0,0,0,0,0,0,1,0.0,14.88,0.0
Fraser Minten,TOR,TOR,L,C,4,0,0,0,0,2,0.0,0,0,0,0,0,0,0,0,3,0.0,11.43,48.7
Matt Savoie,BUF,BUF,R,C,1,0,0,0,0,0,0.0,0,0,0,0,0,0,0,0,0,0.0,3.92,0.0
Brian Halonen,NJD,NJD,R,L,2,0,0,0,0,0,0.0,0,0,0,0,0,0,0,0,2,0.0,8.28,0.0
Marshall Rifai,TOR,TOR,L,D,2,0,0,0,1,0,0.0,0,0,0,0,0,0,0,0,1,0.0,11.67,0.0
Lucas Condotta,MTL,MTL,L,L,3,0,0,0,1,0,0.0,0,0,0,0,0,0,0,0,2,0.0,7.5,50.0
Georgii Merkulov,BOS,BOS,L,C,4,0,0,0,1,0,0.0,0,0,0,0,0,0,0,0,3,0.0,10.58,21.4
Filip Roos,CHI,CHI,L,D,4,0,0,0,-4,0,0.0,0,0,0,0,0,0,0,0,2,0.0,14.73,0.0
Pavol Regenda,ANA,ANA,L,L,5,0,0,0,-1,2,0.0,0,0,0,0,0,0,0,0,7,0.0,11.57,16.7
Maksymilian Szuber,ARI,ARI,L,D,1,0,0,0,-1,2,0.0,0,0,0,0,0,0,0,0,1,0.0,16.98,0.0
Pierrick Dube,WSH,WSH,R,R,3,0,0,0,1,2,0.0,0,0,0,0,0,0,0,0,3,0.0,9.33,0.0
Gavin Brindley,CBJ,CBJ,R,C,1,0,0,0,0,0,0.0,0,0,0,0,0,0,0,0,0,0.0,12.33,0.0
Bradly Nadeau,CAR,CAR,R,L,1,0,0,0,-3,0,0.0,0,0,0,0,0,0,0,0,3,0.0,19.13,0.0
Akito Hirose,VAN,VAN,L,D,3,0,0,0,1,0,0.0,0,0,0,0,0,0,0,0,0,0.0,12.1,0.0
Ondrej Pavel,COL,COL,L,C,2,0,0,0,-1,2,0.0,0,0,0,0,0,0,0,0,3,0.0,6.1,33.3
Cole McWard,VAN,VAN,R,D,1,0,0,0,0,0,0.0,0,0,0,0,0,0,0,0,1,0.0,9.08,0.0
Nikolas Matinpalo,OTT,OTT,R,D,4,0,0,0,1,0,0.0,0,0,0,0,0,0,0,0,2,0.0,7.0,0.0
Patrik Koch,ARI,ARI,L,D,1,0,0,0,0,10,0.0,0,0,0,0,0,0,0,0,1,0.0,9.33,0.0
